TAM_MSA_01,tam,POSITIVE,பி.ஜி.எம் அப்படின்னு வரப்போ ரொம்ப அப்படியே மண்டையெல்லாம் குழப்பி மியூசிக் பண்ணல இதுக்கு இதெல்லாம் போட்டால் ரசிப்பாங்க அப்படின்னு சூப்பர்பா ஸ்கோர் பண்ணியிருக்கிறாரு அடுத்தது கேமராமேன் அவர்களை பத்தியும் சொல்லணும் அவரும் அவரோட போர்ஷன சூப்பரா பண்ணியிருக்காரு எல்லாரையும் அழகாக காட்டியிருக்காங்க இடத்திலேயும் இப்படி இருக்கு அப்படின்ரு இருக்குது அப்படின்ற டவுட் நமக்கு வரவே வைக்கல முக்கியமா மறுபடியும் சொல்றேன் படத்துல நீங்க லாஜிக்கும் எதிர்பார்க்கமுடியாது கதையும் எதிர்பார்க்க முடியாது ஆனால் உங்களுக்கு கலகலப்பு கண்டிப்பா காரண்டியா ரொம்ப நாளுக்கு அப்புறம் ஓகே ஓகே பட்டாம வருத்தப்படாத வாலிபர் சங்கம் ரேஞ்சில் ரொம்ப நாளா படம் வரலயே அப்படின்னு நீங்க வருத்தப்பட்டு இருந்தீங்கன்னா கண்டிப்பா ஏவண் எ மிஸ் பண்ணாம பாருங்க படத்தில நெகட்டிவ் அப்படின்னு பார்த்தீங்கன்னா சந்தானம் ஸ்கோர் பண்ணியிருக்கிறாரு அப்படினறதெ சொல்லிட்டேன் ஆண்டு எல்லாருமே அவங்க அவங்க பங்குக்கு பண்ணி இருக்கிறாங்க ஆனா அங்கங்க லாக் அடிக்கிதுங்க அவரைத் மீதி பண்றது கட்டாயத்தில காமெடிய கொமட்டுதோ அப்படின்ற மாதிரி எல்லாருக்கும் தோணுது மத்தபடி சொல்லணும் அப்படின்னா ஃபுள் அண்ட் ஃபுள் பிளஸ் பிளஸ் பிளஸ் குளந்தைகளில் பெரியவங்க வரைக்கும் பாட்டிய எல்லாருமே படத்தை ரசிச்சு பாக்கலாம் அப்படின்றே சொல்லலாம் சீசனுக்கு வீக்என்டுக்கு பயங்கரமா ஸ்கோர் பண்ணியிருக்கிறாரு அப்படின்னுதான் சொல்லணும்
TAM_MSA_02,tam,POSITIVE,சோ படத்தோட மிகப்பெரிய பிளஸ் அப்படின்னா இவங்க ரெண்டு பேரு மட்டும்தான் இவங்க ரெண்டு பேரும்தான் தாங்கி இருக்காங்க ஆன்ட் இவ  ங்க ரெண்டு பேரையும் செலக்ட் பண்ணது படத்துக்கு மிகப்பெரிய பிளஸ் மாதிரி ஸ்டோரி எடுத்துட்டு மாதிரி புது ஆர்டிஸ்ட் குட்டி பையன வெச்சு அதுவும் இல்லாமல் டாக வச்சு போகணும் அப்படின்ற ஐடியாவை படத்துக்கு பெரிய ப்ளஸ் சோ இதைத் தவரே மத்த ஆர்டிஸ்ட் எல்லாமே சப்போர்ட்டிங் கேரக்டர்தான் மத்தபடி படத்துக்கு ஃபுள் அண்ட் ஃபுள் பிளஸ் அப்படின்னா இவங்க ரெண்டு பேரும்தான் நெகட்டிவ் அப்படின்னா சொன்ன மாதிரி ஃபிளாஷ்பேக் சீனஸ் அதுமட்டுமில்லாம லாக் இத கட் பண்ணி இருந்தோம் அப்படின்னா பௌபௌ எல்லோருக்குமே பிடிச்சிருக்கும் .ஏன்னா இப்ப குட்டீஸுக்கு ஈஸியா புடிக்கும் இதைத் தவிர்த்து யங்ஸ்டர்ஸ பார்க்கிறாங்களோ இல்ல குடும்பம் பாக்குறாங்க அப்படின்னா அவங்க கூட ஈசியா கணக்டா அப்படின்று தோன்றது மியூசிக்க பத்தி சொல்லணும் அப்படின்னா ஆஹா ஓஹோ அப்படின்னு இல்லைன்னாலும் பரவா இல்ல ட்ராவல் .இப்போ எப்படின்னா நம்ப ஹைவேஸில ட்ராவல் ஆகுற மாதிரி அப்படியே போயிட்டு இருக்கு ஸ்லோவா சோ அதனால மியூசிக் ஹைலைட்டா இல்ல ரொம்ப டம்மியா அப்படி இல்ல.கதையோட ட்ராவல் ஆகுது அப்படி ன்னே சொல்லலாம் அதுவே போதுமே வேறென்ன சொல்ல முடியும்சோ இதுதான் ஒட்டுமொத்த பௌ பௌ படத்தோட பிரசெண்டேஷன் அண்ட் நல்லா இருக்கு கண்டிப்பா வீக் என்ட் நிறைய படங்கள் ரிலீஸ் ஆகருதனாலும் படம் எதார்த்தமான படம் டைம்ல வந்தது நல்ல வரவேற்புள்ள படமா அமஞ்சிருக்கு அப்படின்னே சொல்லணும் கண்டிப்பா பள பள படத்தைஇந்த வீகெண்ட் நீங்க குட்டீஸ் ஓட போய் பார்க்கலாம்
TAM_MSA_03,tam,POSITIVE,கண்ன்ட் சூப்பரா வொர்க் அவுட் ஆகியிருக்கு அதுமட்டுமில்லாம இன்னொரு பிளஸ் என்னன்னு கேட்டீங்கன்னா யாருமே ஓவர் ஆக்டிங் பண்ணல .யாருமே டல்ல்ஆகவும் பண்ணல செம பர்பாமென்ஸ் பண்ணி இருக்காங்க இதெல்லாம் பிளஸ் சொல்லலாம் முக்கியமான பிளஸ் எது கேட்டீங்கன்னா ஹிப் ஹாப் ஆதி பாடல்கள் கம்மியாக இருந்தாலும் ரசிக்கும் தன்மை விஷ்வலை சூப்பரா காட்டி இருக்காங்க .ஆனா பண்ணர மியூசிக்கே இனிமேட்டு தனியாக ஆல்பம் கண்டிப்பா ஆல்ரெடி இருக்கு இருந்தாலும் ஹிப்ஹாப் ஆதி அப்படின்னா ஓகே பக்கா கண்டிப்பா கதை இல்லைனாலும் கண்டிப்பா போகலாம் அப்படி விஷயம் விஷ்வல் நம்ம ஹிப்ஹாப் ஆதி ரெடி ஆயிட்டார் அப்படின்னு சொல்லலாம் இருந்தாலும் படத்தில் கதையே இருக்கீங்க .படத்தோட மைனஸ் அப்டின்னு கேட்டீங்கன்னா அதுதான் ராமர் பிஜிலி-ரமேஷ் வராங்க இருக்காங்க .அப்படின்னு போர்ஷனை சோ அவங்களோட பங்குக்கு பெருசா ஒன்னும் பண்ணலஅப்படின்னு சோ இதுதான் குறை அப்படின்னு சொல்லணும் ஆனா தியேட்டர்ல எல்லாரும் சிரிச்சாங்க நம்ம காதுல அப்படியே கலக்கலான இருக்கு கட்டத்தில் நம்மளும் கை தட்டின மாதிரி நம்மளும் சிரிக்கணுமா அப்படின்னு கேட்டீங்கன்னா மத்தவங்களும் நம்மளை தானா சிரிக்க வைக்கிறார்கள் அப்படியே இன்னொரு போஷன்சும் இநக்கு ரீசண்டா படங்களை எல்லா காரண்டியான படமா இருக்கு .அந்த வகையில் கோமாளி அப்படீங்கிர படவும் கண்டிப்பா நேரடியான படம் அப்படின்னு சொல்லலாம் வீக் எண்டு கண்டிப்பா நீங்க தியேட்டர்ல ஃபேமிலியோட படத்தை பாக்கலாம் இண்டிபெண்டன்ட் டேக்கு ரிலீஸ் பண்ணி இருக்காங்க எல்லாருமே ஹேப்பியா போனால் ஹாப்பியா வெளியே வரலாம்
TAM_MSA_04,tam,HIGHLY POSITIVE,சோ நடிச்சிருக்கிற கேரக்டர் பத்தி சொல்லணும் இருங்க சூஸ் பண்ண விதமே சூப்பர்பா பண்ணியிருக்காங்க நம்ம டுடி அப்படின்னு போட்டதுமே ஓகே சூரிய சர் எப்போவுமே அதாவது கருத்துள்ள பாடமாக இருக்கட்டும் சூரிய டிஃபரண்டாக ஸ்டோரி சூஸ் பண்ணுவாங்க சில்லுக்கருப்பட்டி அப்படி டைட்டில் வைத்திருக்கிறார்கள் அப்படிங்கிற மாதிரி நாங்க யோசிச்சோம் படம் பார்த்தால் அவ்வளவு வர்த்தா இருக்கு சோ வீக்என்டில் வேற லெவல் படம் அப்படின்னு படத்தை சொல்லலாம் படத்தோட டைரக்டர் நிறைய அவார்ட்ஸ் வரணும் னு சொல்லிட்டு சொல்லி இருக்கிறோம் இடத்திலேயும் தப்பும் பண்ணல வழக்கமா பிளஸ் அண்ட் மைனஸ் சொல்லுவோம் படத்திலே பிளஸ் அண்ட் மைனஸ் சொல்றதுக்கு ஒண்ணுமே இல்லீங்க எல்லாமே பிளஸ் போட்டுக்குற மியூசிக் ஆகட்டும் அவங்களே எடிட் பண்ணி இருக்காங்க டைரக்டர் அல்சோ அதுவும் நல்லா இருக்கு சினிமாடோ கிராஃபி அப்படீன்னா அவங்க நாலு செட் ஆஃப் பாட்டேண வைத்து அவ்வளவ தூரம் இதுதான் சின்ன பசங்க மிடில் ஏஜ் ஒல்டேஜ் கல்யாணம் ஆனவங்க அப்படின்னு செட்டா பிரிச்சு அவ்வளவு அழகாக காட்டி இருக்காங்க .சோ விஷயம் பார்த்து பார்த்து பார்த்து செதுக்கி பண்ணி இருக்காங்க .சோ படத்துக்கு எங்களுடைய பெரிய வாழ்த்துக்கள் பிளஸ் அண்ட் மைனஸ் சொல்லற அளவுக்கு படத்தில் எதுவும் பெருசா இல்ல இல்ல அப்படின்னு சொல்லலாம் படத்தை வீக் என்டு நீங்க ஃபேமிலியோட பாக்கணும் முக்கியமா குழந்தைகளை கூட்டிட்டு போகலாம் லவ்வர்ஸ் போகலாம் கல்யாணம் ஆனவங்க போகலாம் பெரியவங்க போகலாம் தயவு செய்து படத்தை தியேட்டர்ல போய் பார்க்கணும்
TAM_MSA_05,tam,NEUTRAL,சூப்பர் ஸ்டார் ரஜினிகாந்த் ஓட ஆக்டிங் பத்தி சொல்லியே ஆகணும் .சூப்பரா நடிச்சு இருக்காரு .அவரு கொடுத்த கேரக்டருக்கு நரய கேரக்டரை பண்ணியிருக்காங்க நிறைய படங்களில் ரஜினிகாந்த் டூப்பு வச்சு பண்றாரு அப்படி ஒர பேரு படத்துல தவிர்த்து இருக்காரு நிறைய அவரு ஓநா டூப்பில்லாம பண்ணி இருக்காரு பாராட்ட கூடிய விஷயம் அக்ஷய் குமார் அக்ஷய் குமாரை வைத்து பாடா படுத்தி இருக்காங்க ஐ படத்திற்கு விக்ரமை பாடா படுத்துற மாதிரி அக்ஷய் குமார்கும் பாடா படுத்துற மாதிரி அக்ஷய் குமாரை சொன்னாரு சோ அவருடைய கேரக்டர் நல்லா ஸ்ட்ராங்கா இருக்கு ஏ ஆர் ரகுமான் மியூசிக் ரொம்பவே கிளாஸ்ஸா இருக்கு ஆனா படத்துக்கு ஆறுதலை கொடுத்து கொடுக்கிறதே ஏ ஆர் ரகுமான் மியூசிக் ஷங்கர் படம் அப்படின்னா பிரம்மாண்டத்தை தாண்டி கதை அழகான மெசேஜ் படத்துல மெசேஜ் இருக்கு கண்டிப்பா மெசேஜ் இருக்கு ஆனால் கதை சுத்தமா இல்ல அப்படின்னு சொல்லணும் .முழுக்க முழுக்க விஷயத்துல காண்ஸன்ட்ரேட் பண்ண மறந்திட்டீங்களா அப்படிதான் இருக்கிறது அதுமட்டுமில்லாம படம் போற போக்கை பார்த்தால் அவசரஅவசரமாக எடிட் பண்ணி படத்த ரிலீஸ் பண்றதுக்காக ரிலீஸ் பண்ண மாதிரி  தோணுது அப்படின்னு ரசிகர்கள் சொல்றாங்க
TAM_MSA_06,tam,POSITIVE,பாபி சிம்ஹா பாபி சிம்ஹாவை பத்தி சொல்லியே ஆகணும்.ஜிகர்தண்டா இன்னொரு படம் வந்துருச்சு அதுல மாஸ் ஆன வில்லன் கேரக்டர் கொடுத்து இருப்பார் .அதே மாதி இதிலே ட்ரை பண்ணி இருக்காரு .அந்த அளவுக்கு இல்லைன்னாலும் அதுக்கு ஈக்வலா கொடுத்து இருக்கிரார் ரொம்பவே மாசா இருக்குது .லீட் ரோல் சூப்பரா இருக்கு படம்னு எடுத்துட்டா வில்லன் ஹீரோ இரண்டு பேருமே ஸ்ட்ராங்க் கேரக்டரா இருக்கணும் படத்துல ரெண்டு பேருமே ஸ்ட்ராங்கா இருக்காங்க ஆனா வச்சிருக்கிற டயலாக்ஸ் ரொம்ப வீக்கா இருக்கு அதுனால படம் கொஞ்சம் தொய்வு வருது அப்படின்னு சொல்லலாம் சினிமா டோக்ராஃபி பத்தி சொல்லியே ஆகணும் ரொம்ப அழகா தத்துரூபமான கேரக்டரை அழகா பிரசெண்ட் பண்ணியிருக்காங்க ரொம்பவே நல்லா இருக்கு மியூசிக் டிஎஸ்பி மாட்டு வண்டியில் சாமி மியூசிக் எவ்வளவு மாஸாக இருந்தாலும் மியூசிக் அப்படியே ரீ மிக்ஸ் பண்ணி போட்டு இருக்காங்க ஓகே ஆனா மாதிரிதான் இருக்கு பிஎஃப் எக்ஸ்  ரொம்பவே நல்லா இருந்தாலும் ஆம்பள படத்தில் கொஞ்சம் சுதப்பம் கார் பரக்கிர மாதிரி மாதிரி ரெண்டு மூணு சீன்ஸ் வச்சிருக்காங்க அப்படியே அப்பட்டமா தெரியுது கிராஃபிக்ஸ்னு விக்ரம் துணிந்து இறங்கி இருக்காங்க ஸ்டண்ட் பண்றதுல ஆனா கிராபிக்ஸில் லைட்டா தொய்வடைந்த மாதிரி தெரிகிறது மொத்தத்துல சாமி படம் ஃபேமிலி என்டர்டெயின்மென்ட் ரிவெஞ்ச் படமா இருக்கு ஃபேமிலி மட்டுமில்ல விக்ரமோட ரசிகர்களும் தியேட்டர்ல போயி நம்பிப் பார்க்கலாம் பாக்கலாம் தடவை பார்க்கலாம்
TAM_MSA_07,tam,HIGHLY POSITIVE,எந்தெந்த வருஷத்துக்கு எப்படி எப்படியெல்லாம் ஸ்கிரீன்பிளே பண்ணனும்னு அழகழகா கலர் கிரேடிங் போட்டு சூப்பரா காட்டி இருக்காங்க படத்தோட மியூசிக்க ப்பத்தி சொல்லணும்னா சந்தோஷ் நாராயணன் சூப்பரா கொடுத்து இருக்காரு அவரு பெஸ்ட் கேரியரை படம் வடசென்னையாக ஆயிருக்கும் அப்படின்னு சொல்லலாம் படத்துக்கான பிஜிஎம் இதுதாண்டா பிஜிஎம்மை தாண்டியும் போகக்கூடாது இதுல இறங்கியும் போகக்கூடாது அப்படிங்கற மாதிரி சூப்பரா இருந்துச்சு சந்தோஷ் நாராயணன் இதுல பெஸ்ட் கரியர் அப்படின்னு சொல்லலாம் படத்தில் மேக்கப் அப்படின்னு சொன்னா சுப்பிரமணியபுரம் அப்படின்னு படம் வந்துருச்சு அதிலுள்ள மேக்கப்மேன் அதான் இதுல போட்டு இருக்கேன் அப்படின்னு நினைக்கிறேன் ஏனா வருஷத்துக்கு ஆன கேட்ட கரிக்கு பெல்ட் போட்டு பங்கு வச்சுட்டு அப்படிங்கற மாதிரி வர்றாங்க .லைட்டா சுப்ரமணியபுரம் படத்தை பார்க்கிற மாதிரி லைட்டா இருக்கும்னு அப்படி ஃபீல் ஆயிடுச்சு மேக்கப்பு பத்தி எதுவும் சொல்ல மாட்டாங்க படத்துல சொல்ற மாதிரி கட்டம் இருக்கு ஏனா மேக்கப் வச்சிட்டுதான் எந்தெந்த காலத்தில் அப்படி சப்ரட் பண்றாங்க ரொம்ப சூப்பரா பண்ணி இருக்காங்க மொத்தத்துல வடசென்னை தனுஷுக்கு பெரிய பிளாக்பஸ்டர் சினிமயாக பிலிம் ஆமையும் ஏன்னா தனுஷோட ரசிகர் படத்தை பார்த்து ரசிக்காமல் நோர்மல் ரசிகர்களையும் கவர் பண்ண படத்தை முழுக்க முழுக்க வெற்றிமாறன் எடுத்திருக்காரு
TAM_MSA_08,tam,POSITIVE,ஃபர்ஸ்ட் நீங்க போய் படம் பாக்குறீங்க அப்படின்னா வெற்றிமாறன் சாற எல்லாருமே ரெகுலரா போலோ பண்றீங்க அப்படின்னா கண்டிப்பா படம் எங்கயும சின்ன கூட போர் அடிக்காது பட் ஜெனரலி ஆடியன்ஸுக்கு மே பி அப்படீன்னா பஸ்ட் ஹாஃப் கொஞ்சம் பொறுமையா ஸ்கிரீன்பிளே கொஞ்சம் நகர்த்தி இருக்கலாமோ அப்படிங்கிற ஃ பீல் மே பி எட்டிப் பார்க்கலாம் பட் ஆனா ஒவ்வொருத்தரோடயும் பர்ஃபாமென்ஸ் டிஃபைன் பண்ணி பார்க்கும் ஒவ்வொருவருடைய பர்ஃபாமென்ஸ் கேரக்டர் எல்லாமே ப்ளே பண்ணும்போது அவங்களுடைய பர்ஃபாமென்ஸ் பத்து மடங்கு அதிகமாக இருக்கிறதினாலே நமக்கு இதெல்லாம் பெருசா விஷயமா கன்சிடர் பண்ண முடியாம நிலைமையில போகிறது அஸ் யூஷ்வல் நம்ம வெற்றிமாறன் சாரை பொருத்த வரைக்கும் நல்ல படத்தை எப்படியும் கொடுத்து கிட்ட இருப்பாரு தமிழ் சினிமாவுக்கு வரிசையில் பார்த்தீங்கன்னா ராவான படம் ஆண்டு கண்டிப்பா கல்வி அப்படிங்கற விஷயம் எல்லா வருமே சொல்லியிட்டே இருப்பாங்க டயலோக்கே உங்களுக்கெல்லா  ருக்கும் தெரிஞ்சிருக்கும் நெலம் இருந்தா எடுத்திருப்பாங்க பணம் இருந்தா புடுங்கிக்கு வாங்கே ஆனால் படிச்ச படிப்பு யாராலயும் புடுங்க முடியாது அப்படின்னு சொல்லிட்டு டயலாக் சொல்லி இருப்பாரு டயலொக் பாத்தீங்கன்னா கண்டிப்பா முக்கியமான டயலாக் படத்தோட.சோ கடைசி போயன்டில வச்சிருக்காரு .அந்தப் போயின்டெ நீங்க கேட்டதுக்கு அப்புறம் வேல்யூ ஆஃப் எடுக்கேஷன் என்கிறது ரொம்ப ஸ்ட்ராங்கா சொல்லியிருக்கிறாரு எல்லாமே இருந்தாலும் விஷயம் அப்படின்னா இடத்துக்கான பிரச்சினைகள் வருவது நிறைய படங்களிலே நம்ம பார்த்திருப்போம் சோ இதெல்லாம் இருந்தாலும் கூட சலிப்பு தராம எப்படி போறது அப்படி என்கிறது ரொம்ப அழகா பிளே பண்ணியிருக்கிறார் ரொம்ப ராவான படம் சோ அதனால கண்டிப்பா படம் மூவி ஃப்ரீக் கனா இருந்தா வகையிலுமே ஏமாத்தாது சோ முக்கியமா பர்பாமன்ஸ் வைஸ் ஆ பார்த்தீங்க அப்படின்னா எல்லோருக்குமே மிகப் பெரிய ஸ்கோப் குடுத்துட்டு இருக்காரு வெற்றிமாறன் சார் கண்டிப்பாக படம் பெரிய பிளாக்பஸ்டர் தாண்டி t பெரிய அவார்டு கிடைக்கரதுக்கு கலக்கல் டீம்ஸ்ஸ் சார்வாக விஷ் பண்ணியிருக்கிறோம்
TAM_MSA_09,tam,HIGHLY POSITIVE,தானோஸ் இன்டிரடியூஸ் பண்ணும் காமிக்ஸில் படிச்சிருக்கோம் நாம ஆனால் அளவுக்கு மூவியிலே பிரசெண்ட் பண்ண முடியும் கிரியேட் பண்ண முடியும் அப்படி இருக்கும்போது கம்ப்ளீட் லி அண் இமாஜினபிள் அப்படின்னு சொல்லணும் நாம ரொம்ப ஃப்ரீ கிங்கா சொல்லி இருக்கேன் யூ நோ மை ஏமோஷன்ஸ் கோமிக்ஸ் எல்லாமே பிடிக்கும் டி.சி.என் மார்வல் பட் மூவி பார்த்திட்டு வந்ததுக்கு அப்புறம் சான்சே இல்ல.நோ வேர்ட்ஸ் டு எக்ஸ்பிளைன் அப்படினு சொல்லலாம் நாம அப்புறம் கடைசி கண்க்ளூஷன்ல கிளைமாக்ஸ் பத்தி பேசணும் கிளைமாக்ஸில் அளவுக்கு நம்ம சிவில் வாரில சூப்பர் ஹீரோஸ் வச்சு டைரக்ட் பண்ணியிருக்காங்க போன மூவியிலே அவெஞ்சர்ஸ் எல்லாருமே இருந்திருக்காங்க அப்படி இருந்தாலுமே கிளைமாக்ஸ் சீன் ஷீட பண்ணியிருக்கிற விதம் எல்லா ஹீரோஸெயும் இதுவரைக்கும் நம்ம ஃபர்ஸ்ட் பார்ட்லெ இப்ப வரைக்கும் பாத்துட்டு இருக்கிரேன் எல்லா அவெஞ்சர்ஸ் உம் ப்ரொவைட் இரந்தவர்களை விட்டுருங்க .ஏனா அவங்க ஓகே ஆனா எல்லாருமே இடத்துல சேர்ந்து அப்படி நிற்கும்போது அப்படியே நமக்கு புல்லரிச்சு போயிடுது அப்படின்னு சொல்லணும்நாம .இது வண் ஆஃப் தி கைன்ட் ஆஃப் எக்ஸ்பீரியன்ஸ் டஃபனிட்டா போய் எல்லாருமே பார்க்க வேண்டிய திரைப்படம் இன் ஃபேக்ட் போலோ பண்ணிட்டு இருக்கிற எல்லாவருமே பார்த்திருப்பாங்க நார்மல ஆடியன்ஸ் கூட போய் நீங்க அட்லீஸ்ட் உங்களுக்கு தெரியாட்டியுமே எக்ஸ்பீரியன்ஸ நீங்க எஞ்சாய் பண்ணிதான்ஆகணும் ஏன்னா மத்தவங்களோட உக்கார்ந்து பார்க்கும்போது என்னடா இவங்க இவ்வளவு பில்ட் அப் பண்ணறாங்க அப்படியின் நீங்களுமே படத்திலே ரொம்பவே ஊறிப்போயிடுவிங்கே அப்படின்னு என்னுடய தோட் இதுவரைக்கும் கண்டிப்பா பார்க்கலேனனா போயி கண்டிப்பா பாருங்க
TAM_MSA_10,tam,POSITIVE,ஜோன் வீக்குக்கு ஹெல்ப் பண்ணது தப்பு சொல்றாங்க அப்புறம் நம்ம விஷ்பன் அதாவது நம்ம மேட்ரிக்ஸிலே வந்தார் இல்லையா அவரை பார்த்து நீங்க பண்றது தப்புன்னு சொல்லிட்டு அங்க இங்க அவங்க நாட்டாமை மாதிரி பண்றாங்க அப்புறம் அவங்க கூட்டத்தை பண்ணி நம்ம ஜோன் விக் கலந்துகொள்வதற்காக அவங்க ஏங்கிறாங்க பட்டு என்னன்னா பஞ்சி ஆகவே இல்ல சொல்றது இம்பிரஸ் சிவாகவே இல்ல சொல்றது பில்டப்பு இல்லை என்னடா யாரு இவங்க ரொம்ப பெரிய என்னமோ பில்டப் கொடுத்துவிட்டு இருக்கிற மாதிரி இருக்கு அப்புறமே ஹாரி பரி சின்ன சிக்வன்சுமே சூப்பர் பா மேபி அவருக்கு கொஞ்சம் கொஞ்சம் கொஞ்சம் டெவலப் பண்ணி இருக்கலாம் அப்படிங்கிற மாதிரி வந்தது .பட் வழக்கம் இயான் மச்சன் எக்ஸலண்டா பண்ணி இருக்காரு மேனேஜரா அவரோட டயலாக் டெலிவரி அவரோட மேனரிசம் எல்லாமே ரொம்ப சூப்பரா இருக்கு .பிளஸ் ரிசப்ஷனிஸ்ட் பிளாக் ஆக்டர் அவருக்கு மே இப்போ ரிசப்ஷன் இல்லாமல் நல்ல ஆக்சன்ஸ் சீக்வன்ஸ் கிளைமாக்ஸ்ல அதுவும் சேர்த்து அவருக்கு கொடுத்து இருப்பாங்க .சோ மாதிரி ரொம்ப சூப்பரா இருக்கு பட் நடுவுல மைனஸ் இல்லாமல் இல்லை இப்போ ட்ரயோலஜி எடுத்துக்கோங்க ஈவன் டார்க் நைட் கிறிஸ்டோபர் நோலன் ஓட கூட எடுத்துட்டா கூட டார்க் நைட் செகண்ட் மூவி அளவுக்கு தேர்ட் மூவி அவரால கொடுக்க முடியல ஈவன் தேடு மூவி இட்ஸ் ஒன் சூப்பர் தான்.பட் ஸ்டில் அதோட கம்பேர் பண்ணும்போது இல்ல சேம் வே அதுதான் இங்கேயும் ஃபீல் பண்றேன் சொல்லலாம் தேடு மூவி நல்லா இருக்கு பட் செகண்ட் மூவியில பெஞ்ச் மார்க்க அதனால மீட் பண்ண முடியல அப்படிங்கிறது என்னுடைய தோட்டா
TAM_MSA_11,tam,POSITIVE,சீக்வன்ஸ் கொஞ்சம் மெயின்டைன் பண்ணி இருக்கலாமோ அப்படிங்கற மாதிரி கொஞ்சம் பீல் ஆச்சு அப்படி சொல்லலாம் ஆண்டு கடைசியா ரிப்போர்ட்டர் குமார் லிங்க் கூட ரொம்ப புடிச்சிருந்தது சொல்லலாம் கிளைமேக்ஸ் கிளைமாக்ஸ் கிட்டத்தட்ட கொஞ்சம் பீலிவபிளா நல்லாவே பண்ணியிருக்காங்கனு சொல்லலாம் சோ ஓவர் ஒலா பாத்தீங்கன்னா நல்ல மேர்டர் மிஸ்டரி புடிசவங்க டஃபினிட் ஆ மூவி பாக்கணும் அப்படின்னு ஆக்டிங் ஆக்டர்ஸ் எல்லாருமே ரொம்ப நல்லா பண்ணி இருக்காங்க எஸ்பெஷல்லி ஹீரோவா நடித்திருக்கிர ரிஷி ரொம்ப நல்லா பண்ணி இருக்கிறார் அப்படின்னு சொல்லணும் அவரோட ஃபர்ஸ்ட் மூவி ஐ பிலிவ் சூப்பர் ஸ்டார் புனித் ராஜ்குமார் புரோடியூஸ் பண்ணியிருக்கிறார் கன்னட சூப்பர் ஸ்டார் ராஜ்குமார் ஓட செகண்ட் சன் அப்படின்னு நினைக்கிறேன் சோ இத ப்ரொடியுஸ் பண்ணி இருக்கிறார் அப்படி இருக்கும்போது ரொம்ப நல்லாவே டெவலப் பண்ணி இருக்கிறார்கள் கன்னடாவில எக்ஸலண்ட் மூவி லூசியா கூட நல்ல மூவி கேள்விப்பட்டேன் ஆண்டு ஈவன் எனக்குள் ஒருவன் அளவுக்கு புடிக்கல கனடாவில சூப்பர்பா பண்ணி இருக்கிறார் சொன்னாங்க மூவி சின்ன கான்செப்ட் சின்ன எல்லாருமே புதுமுகங்களை வைத்து ஜெயிக்கிறது ஆள்வேஸ் வெல்கம் ஆண்டு நல்ல பிரிமிசிங் சூப்பர்ப் அப்படின்னு சொல்லலாம் டஃப்னிட்டா படம் அமேசான் ப்ரைமிலே இருக்கு இதுவரைக்கும் யாரும் பாக்கல என்றால் டஃபினிட் போய் பாருங்கள்
TAM_MSA_12,tam,POSITIVE,நெகட்டிவ் அப்படின்னு சொல்றதுக்கு எதுவும் இல்லை பட் ஜெனரலி பார்த்தீங்கன்னா தெரிஞ்சு டிரண்டு மாதிரி பண்ணிட்டாங்க நினைக்கிறேன் கிளைமேக்ஸில் பார்த்தீங்கன்னா ஏதாவது சோகத்தை நம்ம உண்டுபண்ணல அப்படியே நாள் படம் அதுவா பேசப்படாது அப்படிங்கறது மாதிரியான பாட்டு இருக்கா அப்படிங்கிறது தெரியல தியாவிலேயும் மாதிரி கிளைமாக்ஸ் இதிலேயுமே மாதிரி பண்ணி இருந்தாங்க இதுல கொஞ்சம் ஜஸ்டிஃபயப்லா படம் கிட்டத்தட்ட ஆரம்பித்து கடைசியில் ஃபிஃப்டீன் மினிட்ஸ் வரைக்கும் பார்த்தீங்கன்னா செம ஜாலியா செம ஃபண்ணா சூப்பரா போய்ட்டு இருந்துச்சு கடைசி மினிட்ஸ் எதுவுமே பார்ட் ஆஃப் தி லைஃப் அப்படிங்கற மாதிரி டைரக்டர் காமிச்சி இருக்கிறோம் அப்படின்னு பீல் பண்றாரு நினைக்கிறேன் இரண்டாவது மியூசிக் மியூசிக் பார்த்தீங்கன்னா அங்கங்க கதையோட ஏற்கக்கூடிய சாங்ஸ் சீக்வன்சாக .ஏண்டு பேக்ரவுண்ட் மியூசிக் ரொம்ப பெரிசா இழுக்கிற மாதிரி இல்லை ரொம்ப நெருடர மாதிரியும் இல்லை அதிலேயும் ஸ்டோரி ஓட சீக்வன்செல்லாம் காமிச்சிட்டு இருந்தா சீக்வன்ஸ் ஷோ நல்லா அதனால அப்படியே மியூசிக் கூட அப்படியே ட்ராவல் பண்ணி இருக்கலாம் பண்ணிட்டேன் அப்படின்னு சொல்லணும் டஃபனிட்டா மஸ்ட் வாச் என்ரு சொல்லுவேன்
TAM_MSA_13,tam,POSITIVE,பிசினஸ் அளவிலே பாத்தீங்கன்னா பெரிய அளவில் போய் சேர்த்து இருக்காங்க சொல்லலாம் என்னப்பா பாத்துக்கலாம் இதோட டிஜிட்டல் ரைட்ஸ் சரி இருக்கட்டும் நோர்த் இந்தியன் தெலுங்கு ரைட்ஸ் எல்லாமே நல்ல விலக்கே  போயிருக்கு சன் பிக்சர்சினாலே இதோட மார்க்கெட்டிங்கை பார்த்திங்கன்னா நாட்டில எவ்வளவோ அட்வெடேஸ்மெண்ட் போட்டு மக்களை எப்படியாவது வரணும் அதுக்காகவே சூப்பரா பிரமோஷன் அவங்க பண்ணி இருக்காங்க இதுவே முக்கியமான காரணம் படத்தோட வெற்றிக்கு அதேமாதிரிஇந்த படம் பார்த்தீங்கன்னா மிக்ஸட் ஆன ரிப்போர்ட் எல்லார்கிட்டயும் கொண்டு வரப்பட்டது இருந்தாலும் அதையும் தாண்டி படம் பிரோஃபிட்டான படமாக வந்ததுக்கு காரணம் பார்த்தீங்கன்னா படம் வந்ததும் டைம் பார்த்தீங்கன்னா சம்மர் டைம் ஹாரர் ஃபிலிம் அப்படிங்கிற தனாலேயே முக்கா வாசி ஃபேமிலி ஆடியன்ஸ் குழந்தைகளுடன் எல்லாருமே அதிலே ஹியூமர் காஞ்சனா சீரீஸ் பாத்தீங்கன்னா முக்காவாசி பழைய படத்திலிருந்து பாத்தீங்கன்னா ஹியூமர் ஏண்டு ஹொரர் தீம் பேஸ் பண்ணி இந்தப்படம் எடுக்கப்பட்டது சோ அதனாலே பெரிய ஒடியன்ஸ் வந்தாங்க சன் பிக்சர்ஸ் பார்த்தீங்கன்னா பெரிய விலைக்கு கிட்டயும் தள்ளி விடாமல் அவங்களை ரிஜயின் மூலமாக டிஸ்ட்ரிபியூஷன் பண்ணியிருக்காங்க ஏனா ரிசைன் பார்த்தீங்கன்னா பேட்டா படத்துக்கு கரெக்டான முறையிலே அவங்க டிஸ்ட்ரிபியூஷன் பண்ணி கொடுத்ததினாலயே அவங்க திருப்பி இவங்க கிட்ட கொடுத்து இருக்காங்க சோ படம் பார்த்தீங்கன்னா தயாரிப்பாளர்களுக்கும் சரி டிஸ்ட்ரிபியூட்டர்ககும் சரி பெரிய லாபத்தை கொடுத்து இருக்கு சோ பேசிக்கலி சக்சஸ் ஃபுலி இட் இஸ் எ ஹிட் மூவி
TAM_MSA_14,tam,POSITIVE,படத்தோட வெற்றிக்கு இன்னொரு பெரிய காரணம் பார்த்தீங்கன்னா ஆர் ஜே பாலாஜி ஆனால் கிட்டத்தட்ட ஒன்றரை வருஷமா இதுக்காக அவரு கஷ்டப்பட்டு உழைச்சு ஸ்கிரிப்ட் ரெடி பண்ணி படத்தோட பட்ஜெட்டேயும் கரெக்டா பிளான் பண்ணி எவ்வளவுக்கு எவ்வளவு சுருக்கி எடுக்க முடியுமோ எல்லாத்தையும் ப்ளான் பண்ணி எக்ஸிக்யூடிவ் பண்ணி ஃபர்ஸ்ட் படமே லாபகரமான படமா ஹிட் படமாகவே அவரு கொடுத்தது பெரிய விஷயம் ஆண்ட் அவருக்கு பெரிய வேண்டுகோளா நாங்க வச்சிருக்குற என்னா பார்த்தீங்கன்னா படத்தில் ஃபர்ஸ்ட் படம் ஹிட்டு கொடுத்துட்டேன் என்கிற காரணத்துக்காக படத்தை கமர்சியல் பண்ணுவேன் அப்படின்னு சொல்லி அவரு போகிற லைனை டைவர்ட் பண்ணி விட்டுடுவாங்க நிறைய பண்ணாமல் இருந்திருந்தால் நல்லா முக்காவாசி பெயர் ஜி.வி பிரகாஷ்ஆக இருக்கட்டும் இல்ல விஜய் ஆண்டனியா இருக்கட்டும் இல்லை சந்தானமா இருக்கட்டும் எல்லாரும் பார்த்தீங்கன்னா படத்திலேயே ஹிட் கொடுத்த உடனே எல்லாருமே பார்த்தீங்கன்னா படத்தில் கமர்ஷியலா இறங்கி அவங்களோட ஸ்ட்ரங்த் அவங்களுக்கு மக்கள் எதிர்பார்ப்பாங்க அப்படி இருந்ததை மறந்து அவங்க தனி ரூட்டுக்கு போனாங்க ஆனா செட் ஆகல மாதிரி இவரும் ஆகிவிடக் கூடாது சோ வெற்றியை தொடர்ந்து அவருக்கு கரெக்டா அனலைஸ் பண்ணி படம் பண்ணாரு என்றால் கண்டிப்பாக அவரு வேற லெவல்ல ரீச் ஆகி விடுவார்
TAM_MSA_15,tam,NEUTRAL,பாட்டு படத்தில் இரைச்சல் உடனே யூட்யூபில் லட்சம் லட்சம் சொல்லி நிக்காதீங்க அதெல்லாம் யூட்யூப் டிஜிட்டல் வியூவே இங்க வேற சினிமாவிலே இன்னைக்கே படம் பார்க்கும் பொழுது பாட்டு இறைச்சல் டவுட்டே கிடையாது டபால் டபால் பாட்டு டிஸ்டர்பன்ஸ் அதிலேயும் டவுட்டு இல்லை மாதிரி இட்ஸ் நோட் எ டார்க் ஃபிலிம் இவ்வளவு டார்கா எடுக்கணும் கேமராமேனுக்கு அவசியமில்லை கொஞ்சம் கொஞ்சம் பளபளப்பாக எடுத்துக்கலாம் பட் இன் ஆல் புரோபபிலிடி போரடிக்குது அப்படி கேட்டால் கிடையாது நிச்சயமா போர் அடிக்கல ஏதோ மூவ்மென்ட் இருக்கு நம்மளையும் மறந்து சிரிக்கிற விஷயம் இருக்கா இருக்கு எல்லா நடிகர்களும் நல்லா நடிச்சிருக்காங்களா நடிச்சிருக்காங்க காமெடி வொர்க் அவுட் ஆகியிருக்கு .நிறைய இடத்தில லாஜிக்கே நல்லா இருக்கு கார்னரிங் கரெக்டா இருக்கு சும்மா சினிமாத் தனமா இல்லாமல் கரெக்டா இருக்கு பரபரப்பு கரெக்டா இருக்கு பட் ஸ்டில் அறம் ஏற்படுத்திய சலசலப்பு பரபரப்பு இல்லாத சாதாரண கலகலப்பான படம் நகைச்சுவை படமாக வந்திருந்தால் மாபெரும் வெற்றி சொல்லலாம் பிரம்மாண்ட எதிர்பார்ப்போடு எக்கச்சக்க ரிலீஸ் எக்கச்சக்க தியேட்டர் எக்கச்சக்க செலவு எக்கச்சக்க பட்ஜெட்டுன்னு  போட்டு கொஞ்சம் ஏமாற்றம் கோலமாவு கோகிலா பார்க்கலாம்
TAM_MSA_16,tam,NEUTRAL,கதக்கோடைய ஜதி சொல்ற இடமெல்லாம் பிரமாதமா பண்ணியிருக்காரு அதுல டவுட்டே கிடையாது இருந்தாலும் அதையெல்லாம் புகழ்த்தி என்னடா எங்கேயோ போகுதுன்னு நினைத்தால் திருப்பி நிறுத்தியிருக்கிறார் ஆஸ் எ கொமர்சியலா பார்த்தீர்கன்னா ரொம்ப நல்லா பண்ணி இருக்காரு ஸ்கிரீன்பிளேயிலே கடைசியில் ராகுலோட குடும்பத்தை காப்பாத்தி இருக்காரு பொழுது நமக்கே திருப்தி வருது மிகப் பெரிய விஷயம் டர்னிங் பாயிண்ட் போட்டு அவங்களை அவங்கள படிக்க வச்சது சொல்லி டயலாக் போகும் .ரொம்ப ரொம்ப ஹாப்பியா சோ கமலஹாசன் பொதுவாகவே அவரு விமர்சனத்துக்கு அப்பாற்பட்டவரா ஏதாவது பண்ணிட்டு இருப்பாரு இப்போ அரசியல் கமலஹாசனும் சினிமா கமலஹாசனும் கலந்து பொருளாதார ரீதியா படத்தில் எவ்வளவு முடியுமோ கேஷ் பண்றதுக்காக அவசர அவசரமா கொஞ்சம் செலவு பண்ணாமல் எடுத்து மாதிரி குழப்பி வச்சிருக்காரு பட் படம் மோசம் சொல்வதற்கு மோசம் அப்படி சொன்னால் நியாயமில்லை ஏன்னா இட்ஸ் எ குட் அட்டம்ட் எ கேன் ஒவ்வொரு முறையும் முயற்சி பண்ற மாதிரி இதிலேயும் ஒண்ணு பண்ணியிருக்காரு ஏன்டா இப்படி ரொம்ப குழம்பி குழம்பி பேசுறேன்னு நினைக்காதீர்கள் ஏனா படம் அப்படி இருக்கிறது அஞ்சு வாட்டி பார்த்தால்தான் புரியும் மட்டும்தான் குழப்பணுமா நம்மளும் குழப்புவோம் ம் பாருங்க
TAM_MSA_17,tam,HIGHLY NEGATIVE,கஜோல் ரிட்டர்ன் பாத்தீங்க அப்படின்னா நிறைய இடத்தில அவங்களோட ஆக்டிங் டூ ஆர்டிபிசியல் அப்படின்னு சொல்லலாம் அப்புறம் பெரிய முக்கியமான மைனஸ் என்ரால் ஷூன் ரோல்டன் ஓட பி.ஜி.எம் பிளஸ் பாடல்கள் பாடல்கள் பெரிய அளவில் ஒர்க்அவுட் ஆகல அதேமாதிரி பிஜிஎம் அப்படின்னு பார்த்தீங்கன்னா ரெண்டு இடத்துல நம்ம வி.ஐ.பி வண்ஒட தீம் அந்தத் தீம் வர்றப்போ நமக்கு வாவ் அப்படின்னு சொல்றதுக்கு கூஸ் பம்பிங் மொமெண்ட் கிடைக்குது மத்தபடி படத்தோட தீம் அப்படிங்கறது சுத்தமா செட் ஆகல ஷூன் ரோல்டனோட பொறுத்தவரைக்கும் மாஸ் ஹீரோசுக்கு போடக்கூடிய எஃபெக்ட்லே அவருடைய அவுட்புட் வரல அப்படிங்கிறது நல்லா தெரியுது பர்ஃபோம் போட்டாரு அப்படி என்றால் நல்லா பண்ணுவாரு அப்படிங்கறது தெரியும் மாதிரி பீ.ஜி.எம் இடத்துல ப்ளேஸ் ஆகிரதை பார்த்தீங்க அப்படின்னா மாஸ் அடிக்கணும் அப்படின்னு நினைக்கிற இடத்தில மாசு இல்ல அப்படிங்கற மாதிரி .சும்மா இடத்துல ஃப்ளூட் மே.... மாதிரி அப்படின்னு போயிட்டு இருக்கிறது என்னத்த சொல்ற அப்படின்னு தெரியல ஃபர்ஸ்ட் ஹாஃப் ல மொத்த க்ரிப் செகண்ட் ஹாஃபில எங்கேயுமே இல்லை கொஞ்சம் ஸ்லாகா போகுது நிறைய ஓட்டைகள் உரசல்கள் எல்லாமே இருக்குது அப்படின்னு சொல்லலாம் அப்புறம கிளைமாக்ஸ்ல தனுஷ் கஜோலுக்கு உண்டான ரூம் எபிசோட் பார்த்தீங்கன்னா ரொம்ப சின்னப் புள்ளத் தனமா இருந்துச்சு சோ இந்தப்படத்துக்கு ரேட்டிங் அப்படின்னு பார்த்தீங்கன்னா அஞ்சுக்கு கொடுக்கலாம் அதுக்கு மேல கொடுக்கிறதுக்கு மனசு இல்ல
TAM_MSA_18,tam,POSITIVE,கண்டிப்பா படத்துல விஷயத்துக்காக கஷ்டப்படுறாங்க கிட்டத்தட்ட வருஷம் கஷ்டப்படுறாங்க வருஷ கஷ்டத்தை உண்மையாகவே நடந்து இருக்கு அப்படின்னு நெனச்சு நம்ம ஃபீல் பண்ணி பாக்கணும்னு நினைச்சீங்கன்னா மூணு மணி நேரம் கண்டிப்பா உட்கார்ந்து பார்க்கலாம் அப்பதான் இப்படியுமா நடக்குது நம்ம நாட்டுல மாதிரி சிஸ்டம் ரொம்ப கேவலமா இருக்கா அப்படிங்கற மாதிரி நமக்கெல்லாம் உள்ளுக்குள்ள விஷயங்கள் குத்த ஆரம்பிக்கும் விஜய்சேதுபதி அவருக்கு கிடைத்த கேப்பிலேயும் ஸ்பேஸ்லேயும் ரொம்ப அழகா பர்ஃபோம பண்ணிட்டு போயிருக்காரு ரங்கராஜ் பாண்டியன் நடித்திருக்கிறார் கலெக்டரா வராரு கலெக்டருக்கு ஏத்தமாதிரி கெட்டப்பு அவரோட பாடி லாங்குவேஜ் அப்புறம் டயலாக் டெலிவரி ரங்கராஜ் பாண்டே ஆகவே பார்த்தமாதிரி இருந்தாலுமே அவருக்கு கொடுத்த ரோல் ரொம்பவே மேட்ச் ஆகுது ஏன்னா ரியல் லைஃப்ல ரங்கராஜ் பாண்டே நல்லவரா கெட்டவரா ன்னு நிறைய பேருக்கு குழப்பமா படத்திலேயும் கிட்டத்தட்ட அப்படித்தான் இருக்கு அப்புறம் வேற கடைசியில கனத்த இதயத்தோடு இந்தப்படம் டிராவல் ஆயிட்டு எண்டிங் ரொம்ப காமெடியா ஆயிடுச்சு அதுக்கு காரணம் நம்ம மோடி ஜி ஆமா மோடிஜி படத்தில் லாஸ்ட் ல ஐஸ்வர்யா ராஜேஷ் கிட்ட ஹிந்தியில டயலாக் பேசிட்டு இருக்காரு .அது பார்க்கும்போது கண்டிப்பா சிரிக்காமல் யாரும் இருக்க மாட்டீங்க அவரோட வந்தா மோடிஜி பெயரில கேரக்டரும் பேசின டயலாக்கும் புரியாமல் சப் டைட்டில் கூட போடல ஏங்க எவ்வளவு கஷ்டப்பட்டு என்னமோ சுதந்திர தின ஸ்பீச் பார்த்த மாதிரியே இருந்துச்சு சோ அங்க கொஞ்சம் எண்டிங் காமெடியா இருந்துச்சு அப்புறம் கடைசி கிளைமாக்ஸ் கட்டத்தில்தான் ரொம்பவே பார்க்க கஷ்டமா இருந்துச்சு சோ சொன்ன மாதிரி என்னதான் ஆரம்பத்துல கொஞ்சம் நம்ம பொறுமையே சோதிக்கிற மாதிரி படம் வந்துட்டு இருந்தாலுமே போகப்போக கிட்டத்தட்ட மணி நேரம் தாண்டினதக்கு அப்புறம் உண்மையான கதைக்கு போனவுடனே இப்படியா நடக்குது இப்படி நடக்குதா உண்மையாக நம்ம நாட்டுல இதெல்லாம் கண்டிப்பா பார்க்கணும் தெரிஞ்சுக்கணும் உண்மையாகவே ட்ரூ ஸ்டோரியா சிந்திக்க வைக்கிறது படம் சோ கண்டிப்பா வாட்டி பார்க்கலாம் மொக்க படமோ நல்ல படமோ படம்னு சொல்ல தெரியல நல்ல பாடம் மூணு மணி நேரம் பாரணுமாப்பா எங்களுக்கு போர் அடிக்குமே கண்டிப்பா இல்லைங்க படத்தை கண்டிப்பாக பார்க்கலாம்
TAM_MSA_19,tam,POSITIVE,அஞ்சு வருஷத்துக்கு அப்புறம் ரெண்டு பேரும் கல்யாணம் ஆகி ஒருத்தரோட ஒருத்தர் சந்தோஷமா வாழ்ந்துட்டு இருக்காங்க ஆனால் இவங்க வீட்டுல இருக்கிற இவர்களுடைய பெரியவர்கள் பொண்ணோட அப்பா அம்மா பையனுடைய அப்பா அம்மா எல்லாவரும் மாதிரி ஒவ்வொருத்தரா மர்மமான முறையில் இறக்கிறார்கள் இதுக்கெல்லாம் காரணம் யாருக்குமே புரியலை ஹீரோயின் கட்டத்துல கண்டிப்பாக மரணத்துக்கும் நம்மளுடைய கரு களைந்சதுக்கும் ஏதோ சம்பந்தம் இருக்கு அப்படின்னு அதற்கான காரணத்தை தெரிஞ்சிக்கிற ஊர் படுறாங்க இதுக்கு அப்புறம் அவங்க கடைசியில தெரிஞ்சிட்டாங்க அப்படிங்கறதுதான் படத்துடைய ஃபுல் ஸ்டோரி படம் நிச்சயமாக சொல்றாங்க அருமையான படம் தமிழ் ரசிகர்களுக்கு நிச்சயமாக ரொம்ப பிடிச்ச ஜர்னல் ஆஃப் அருமையான மூவி படத்தோட ரொம்ப முக்கியமான விஷயம் என்னன்னு பார்த்தீங்கன்னா படத்தினுடைய ஹீரோயின் துளசி கதாபாத்திரத்தை ஏற்று நடிச்சது யாரு அப்படின்னு பார்த்தீங்கன்னா நம்மளுடைய பிரேமம் மலர் டீச்சர் எல்லோருக்கும் தெரியும் சாய் பல்லவி மாதிரி படத்துடைய சினிமாடோக்ராஃபி கிரிஸ்டல் கிளியர்ங்க காரணம் அப்படின்னா நீரவ்ஷா அதேமாதிரி ஆண்டனியோட எடிட்டிங் படத்தை விறுவிறுப்பாக கடைசி வரைக்கும் தோய்விடாமல் எடுத்துட்டு போகுது சொல்லலாம் படம் எல்லா மிஸ்பண்ணாமல் பாருங்க தியேட்டர்ஸ்லே போயி
TAM_MSA_20,tam,POSITIVE,படத்தினுடைய டயலாக்ஸ் அதாவது வெளிநாட்டில இருக்கிற பிளாக் மணி எடுத்துக் ஆளாளுக்கு அக்கவுண்டுக்கு லட்சம் ரூபா போடப் போகிறார்கள் அப்பா அதோட வர்த் தெரியாம என்னமோ நம்மள ஹெல்ப் பண்றதுக்கு யாருமே கிடையாது அப்படின்னு சோக பாட்டு பாடிட்டு இருக்கிற அப்படி என்ரு சமுத்திரகனி ஹீரோ கிட்ட டயலாக் சொல்லுவார் டயலாக் ஆகட்டும் மாதிரி ஆட்டோ ஓட்டுற ஹீரோ இருக்கார் இல்லையா பேங்கில் லோன் அப்ளை பண்ணுவாரு.நான் டாக்ஸி வாங்கலாம்னு இருக்கேன் அப்படின்னு செக் பண்ணி நீங்க வெளியே போக சொல்லி அனுப்பிவிடுவார் வெளிய பார்த்தால் செக்யூரிட்டி நிப்பாரு பேங்க் செக்யூரிட்டிய பார்த்து ஹீரோ கேப்பாரு ஆயிரம் கோடி ரூபாயை ஒருத்தர் வளச்சு எடுத்துப்போய்விட்டார் அப்போ கையை கட்டிட்டு சும்மா நில்லுங்க இப்போ போகும்போது ஆயிரத்தெட்டு கேள்வி கேளுங்க அப்படின்னு சொல்லி செக்யூரிட்டிய பார்த்து கேட்கிற டயலாக் இருக்கு ரெண்டு டயலோகுமே தியேட்டர்ல பயங்கரமான விசில் சத்தம் ஆரவாரம் சொல்லலாம் இதுபோக இந்தப்படத்துல இதேமாதிரி அருமையான டயலாக்ஸ் இருக்கு ஆனா உண்மையா சொல்றேன் மிகப் பெரிய ஹீரோவை வச்சு டயலாக் பேசி இருந்தாங்க நல்லா ரீச் ஆகணும் அப்படின்னு கண்டிப்பாக பெரிய பிரச்சினைகளை படம் சந்தித்து அச்சு ராஜாமணி என்கிறவர்கள் படத்துக்கு மியூசிக் பண்ணியிருக்கிறார் படத்துல ரெண்டு பாட்டுன்னாலும் கதையோடையே பின்னாடி பேக்ரவுண்டில் ஒடுதனால பாட்டுகள் ரெண்டுமே ரசிக்கிற மாதிரி இருக்கு மாதிரி படத்துக்கு ரொம்ப முக்கியமான ஷாட்சில இவருடைய பி.ஜி.எம் கொஞ்சம் விறுவிறுப்பு கொடுக்கிறது மாதிரி அமைந்து அப்படின்னு சொல்லலாம் இப்ப படத்தினுடைய நெகட்டிவ் பார்த்து விடலாம் படமா பார்க்கும்போது படம் கொஞ்சம் விறுவிறுப்பா நல்லா இருந்தாலும் அடுத்தடுத்து என்னடா நடக்கப்போகிறது அப்படி என்கிறது ரொம்ப கிளியரா வியூவர்சினாலே பிரடிக்ட் பண்ணக்கூடிய ஸ்கிரீன்பிளே யாகத்தான் விஜய்மில்டன் ஹேண்டில் பண்ணி இருக்கிறார் படத்தினுடைய பைட் ஸ்விகன்ஸ் எல்லாமே ரொம்ப அருமையாகவே அமைக்கப்பட்டிருந்தாலும் கொஞ்சம் நம்பகத்தன்மை கம்மியா இருக்கு சொல்லணும் மொத்தத்துல படம் எப்படி இருக்கு அப்படின்னா கோலிசோடா ஒன்னு உங்களுக்கு புடிச்சு இருந்திருந்தால் கோலிசோடா கண்டிப்பாக உங்களை இம்ப்ரஸ் பண்ணும் படத்துக்கு ஃபிலிமி கிராப்ட் கொடுக்கக்கூடிய ரேட்டிங் செவன் அவுட் ஆஃப் டென்
TAM_MSA_21,tam,POSITIVE,பாசிட்டிவ்ஸ் படத்தில எல்லாரும் அவங்க அவங்க ஏற்று நடித்த கதாபாத்திரத்தை ரொம்ப அழகா சிறப்பாகவே பண்ணி இருக்காங்கன்னு சொல்லலாம் இன்னொரு மிகப் பெரிய பிளஸ் பாயிண்ட் பர்சனலா தோணுது படத்துல ஹீரோ ஹீரோயின் ரெண்டு பேரை காமிச்சிட்டோம் சோ கண்டிப்பாக அஞ்சு லவ் சாங்ஸ் வச்சே தீரணும் அப்படீன்னு பிடிவாதம் பண்ணாம படத்துக்கு சாங் இருந்தால் போதும் அப்படீன்னு டைரக்டர் பிக்ஸ் பண்ணி வச்சிருக்காரு அதுவே ரொம்ப ஆறுதலா இருக்கு என்றாள் படம் பேசிக்கா திரில்லர் சஸ்பென்ஸ் ஜேர்ணல் ஆஃ பிலிம் இதுல லவ் சாங்ஸ் அஞ்சு ஆறு வெச்சு போரடிக்காமல் ரொம்ப அழகாகவே கமுத்தி இருக்காங்க இப்போ படத்தினுடைய மைனஸ் அப்படின்னு பார்த்துவிடலாம் படம் பஸ்ட் ஹாஃப் ல கொஞ்சம் லேகிங் இருக்குதுங்க அதர் வைஸ் பஸ்ட் ஹாஃப் ல விட்ட கிருப்பை செகண்ட் ஹாஃப் ல ரொம்ப அழகா மெயின்டெய்ன் பண்ணி ரொம்ப விறுவிறுப்பாக போயிட்டாங்கன்னு சொல்லணும் ஏன்னா நீங்கள் எதிர்பார்க்காத நல்ல கிளைமாக்ஸுக்கே போயிட்டாங்கன்னு சொல்லலாம் பட் சின்ன மைனஸ் பாயிண்ட் என்னாஅப்படி என்ரால் படத்துல கொலை பண்ணது யாரு அப்படின்னு ஒருத்தர் மேல சந்தேகப்பார்வை விழுந்திருந்தால் ஆடியன்ஸுக்கு இன்டர்ஸ்ட் இருக்காது அப்படிங்கறதுக்காக மூணு நாலு கேரக்டர காமிச்சு எல்லாருக்குமே சந்தேகப்பார்வை விழுகிற மாதிரியே ஆடியன்ஸை வந்தாங்க ஆனால் தப்பு கிடையாது நாலஞ்சு கேரக்டர் அவங்க காமிச்சாங்களே வர கேரக்டர் எல்லாமே ஒவ்வொருத்தரும் அவங்கவங்க பத்து நிமிஷத்துக்கு பிளாஷ்பேக் கதையை சொல்றாங்க அதுதான் படத்தை லாக் அடித்தது சொல்லலாம் மத்தபடி படம் நிச்சயமாக எல்லாவரும் ஃபேமிலியோட தியேட்டருக்கு போய் பார்க்கக் கூடிய நல்ல படம் படத்துக்கு ஃபிலிம் மி கிராப்ட் கொடுக்கக்கூடிய ரேட்டிங் அவுட்
TAM_MSA_22,tam,POSITIVE,படத்துக்கு சினிமாடோகிரேஃபி ரொம்ப முக்கியம் திரு ரொம்ப அழகாகவே பண்ணியிருக்காரு அப்படின்னு நீங்க சொல்லலாம் நீங்க ரொம்ப என்ஜாய் பண்ணும் படம் பார்க்கும்போது அதேமாதிரி வார்த்தைகளே இல்லாமல் வசனங்களே இல்லாமல் இந்தப்படம் இருக்கறதுனால சந்தோஷ் நாராயணன் அவங்களால முடிந்த அங்கங்க மியூசிக்ஸே பிஜிஎம்ஸ் ஏ உள்ளே நல்லா இன்கிளுட் பண்ணியிருக்காரு மாதிரி கொடுத்த எல்லாரும் அவங்க அவங்க நடிச்ச கேரக்டர் ரொம்ப பக்கா ஆகவே பண்ணியிருக்காங்க அப்படின்னு சொல்லணும் இப்ப படத்தோட நெகட்டிவ்ஸ் அப்படின்னு பார்க்கலாம் படத்தில் எந்தவிதமான டயலாக்ஸ் ஆக்ஷன்ஸ் ரொமான்ஸ் காமெடி எதுவுமே இல்லாததினாலே வெறும் திரில்லிங் எக்ஸ்பீரியன்ஸ் வெச்சு வியூவர்ஸை அவங்க உட்காரவச்சிருக்கிரதினாலே படம் வேகமா ஸ்கிரீன் பிளே பண்ணி இருக்கலாம் கிரிப்பிங் கொஞ்சம் கம்மியாக இருக்கு அங்கங்க லாக் அடிக்குது சொல்லலாம் இரண்டாவது விஷயம் படத்துல பர்டிகுலர் ஷாட்ஸ் செகண்ட் செகண்ட் பண்ண வேண்டிய ஷாட்ஸே கொஞ்சம் இழுத்து நிமிஷம் ஒன்றை நிமிஷம் ஷாட்ஸே பண்ணும் ஆடியன்ஸுக்கு ஷாட் எப்படா சீனுக்கு போகும் அப்படிங்கிற ஃபீல் லைட்டா வரத்தான் செய்யுது மத்தபடி படம் ஃபேமிலியா போய் என்ஜாய் பண்ண வேண்டிய படம்தான் படத்துக்கு ஃபில்மி கிராஃப்ட் கொடுக்கக்கூடிய ரேட்டிங் சிக்ஸ் அவுட் ஆஃப் டென்
TAM_MSA_23,tam,NEUTRAL,இவங்க டயலாக் காமெடி நம்பி படம் எடுக்கப்பட்டு இருக்கு இதுல முழுக்க முழுக்க கடைசி வரைக்கும் யோகி பாபு வினுடைய சட்டயர் பஞ்சஸ் நம்பி படம் எடுத்து இருக்காங்க என்னன்னா பார்த்துகிட்டே நேரங்களிலே முதலில் சொன்ன மாதிரி தெகட்டல் சொல்லுவோம்ல ஏனா விஷயங்கள் ஜனங்களுக்கு ரொம்ப பரிச்சயம் ஆனதாக விஷயங்கள் பரிச்சயமில்லாததாக அதனால அங்கங்க சிரிப்பு வருது இடங்களிலே சிரிப்பு வராமல் அப்படியே சும்மா இருக்கு சோ டயலாகை குறைச்சுட்டு இதுல சிட்டுவேஷன் காமெடி ஏதாவது கொடுத்திருந்தால் நல்லா வந்திருக்கும் டைரக்டர் நல்ல தீம் சொல்லணும் அப்படின்னு சொல்லி முயற்சி பண்ணி இருக்கிறாரு அப்படி என்றால் மீண்டும் பெரியார் அவர்களும் மீண்டும் காந்திஜி அவர்களும் மீண்டும் அம்பேத்கர் மீண்டும் நேதாஜி சுபாஷ் சந்திரபோஸ் இவங்க பூமியில வந்தாங்க அப்படி சொன்னாள் தப்புகள் குறையும் அப்படி சொல்லிவிட்டு மறுபடியும் அவங்கள எடுத்துட்டு வரணம் அப்படிங்கிற மாதிரி எமதர்மர் பீல் பண்றாரு மாதிரி டைரக்டர் நல்ல கான்செப்ட் வெச்சு சொல்லியிருக்கிறாரு ஆனா கான்சப்டில் மயக்கம் இருக்கிறது அதுவந்து அவ்வளவு தெளிவா சொல்லத்தான் நினைச்சதே அவ்வளவு தெளிவா புரியல சோ டயலாக் அதிகமாய் படத்துக்கு மைனஸ் ஆக இருக்குமோ பீல் பண்ணினேன் ஆனாலும் பிளஸ்ம் படத்தில் ஒன்னு ஏனென்றால் யோகி பாபு வினுடைய பர்ஃபாமென்ஸ் யோகி பாபுவினோட டயலாக் பஞ்சு கான்சன்ட்ரேட் பண்ணி முழுக்க முழுக்க பண்ணியிருக்காங்க சோ மத்தபடி நடிப்பு என்ரு பார்த்துட்டு பாக்க சொன்னா ராதாரவி இருக்காரு ரேகா இருக்காங்க அப்புறம் நம்ம இவரு மொட்டை ராஜேந்திரன் இருக்கிறாங்க அவங்க போதுமான அளவுக்கு பண்ணியிருக்கிறாங்க அப்புறம் இன்னொரு காமெடியன் அதுதான் சித்திரகுப்தன் ரமேஷ் திலக் நடித்திருக்கிறார் சோ இவங்க பர்ஃபாமென்ஸ்லே அவங்க குரூப் எல்லாமே நல்லா பண்ணி இருக்கிறாங்க இருந்தாலும் சிட்டுவேஷன் அதிகமாக இல்லாததினாலே காமெடி இல்லாததினாலேவெறும் டயலாக் காமெடி இருக்கு அதனாலே ஜனங்களுக்கு அளவுக்கு புடிக்கும் ரெண்டு மூணு நாள் ஆனால் தெரியும் அதனுடைய ரிசல்ட் சோ படத்தை பொறுத்தவரைக்கும் மார்க் கொடுக்க சொன்னால் சாரி அஞ்சரை மார்க்குதான் என்னால் கொடுக்க முடியும் என்ரால் தியேட்டரில் மத்தவங்களோட ரியாக்சன் பார்க்கும் நானும் ஃபீல் பண்ணரது அஞ்சரை மார்க் அளவுக்குதான் ஃபீல் பண்ணினேன் .யூனிட் காரங்க தப்பா நினைக்க கூடாது
TAM_MSA_24,tam,POSITIVE,சோ டைரக்டர் வித்தியாசமா படத்தை புதுசா வேற மாதிரி ட்ரீட்மென்ட் சொல்லணும் அப்படின்னு சொல்லி ஆரம்பிச்சு பண்ணியிருந்தார் சோ நடுவுல அங்கங்கே சின்ன சின்ன மிஸ்டேக்ஸ் பண்ணினதினாலே ஆச்சுன்னா நமக்கு படம் பார்க்கும் ரெண்டு த்ரூ அவுட்டாமெயின்டயின பண்ணல தெரியல .ஒரு சொல்லுவாரு சார் இப்படி ஹோட்டல்ல சிசிடிவி கேமராவே இல்லன்னு சொல்லி சொன்னாங்க அட விடையா சொல்லிவிட்டு அர்ஜுன் சொல்லுவாரு அவ்வளவு பெரிய ஹாஸ்பிடல் லேயே சிசிடிவி கேமரா இல்லை சொன்ன எல்லாரும் கேட்டுகிட்டே தானே இருந்தோம் நாம எல்லாரும் தியேட்டரில் கை தட்டினாங்க என்னன்னா நடக்கிற கரண்ட் பொலிடிக்ஸ் அதுல டச் பண்ணாங்க மாதிரி ஒருத்தன் ஃபோன மாத்தி பண்ணிட்டு ஓகே இதுதானா ஹல்வா தானே வாங்கிட்டு வந்துடுறேன் பூதானா வாங்கிட்டு வந்துடுறேன் அப்படி இப்படின்னு சொல்லிட்டு சாரிடா போன் போனா மிஸ்டேக் பண்ணி எடுத்துட்டு போயிட்டேன் சோ இவ்வளவு நேரம் கிட்ட பேசிட்டு இருந்தேன் வைஃப் கிட்ட பேசிட்டு இருந்தேன் அப்படின்னு சோ கலகலன்னு தியேட்டர்ல இதா சிரிச்சாங்க சோ மாதிரி படத்தில் அங்கங்க அங்கங்க நிறைய தூவி பண்ணி இருந்தாங்க ன்னு சொன்னேன்னா சஸ்பென்ஸ் படத்துல அவ்வளவு சைலண்ட் மீண்டேன் ஆகாம அளவுக்கு கலகலப்பா இருந்திருக்கும் மிஸ் பண்ணிட்டாரு மத்தபடி டைரக்டர் எடுத்தது எல்லாமே எல்லாமே மாதிரி பேக்ரவுண்ட் மியூசிக் ஸ்கோர் பண்ணது எல்லாமே நல்லா பாட்டு ஃபர்ஸ்ட் சாங் பிச்சரைசேஷன் இடங்கள் நல்லா ஃபர்ஸ்ட் சாங் ஓகே என்னன்னா டூயட்டா அவங்க லவ்வர்ஸ் சொல்லிக் காமிக்கரதுக்கு ஆனா செகண்ட் சாங் வரும்போது யாருமே எதிர்பார்க்கவில்லை அன்எக்ஸ்பெக்டட் திடீர்னு பாட்டு ஓபன் ஆயிடுச்சு இடத்தில பாட்டு தேவையா அப்படினுட்டு ஏனென்றால் கதையும் போயிட்டு இருக்கிரது பிரேக் பண்ற மாதிரி சாங்கினுட பட் ரி ரெக்கார்டிங் படத்தில் அங்க இங்க கதைக்கு தகுந்த மாதிரி ரீ ரெக்கார்டிங் நல்லா எடுத்தது அதனால டென்ஷனோட போயிட்டு அதனால ஓவர் ஓலா படம் கொஞ்சம் எதிர்பார்ப்பு கூடுதலா இருந்ததுனால எதிர்பார்ப்பு அளவுக்கு இல்லைனா கூட சஸ்பென்ஸ் வச்சு பர்ஃபாமென்சில் அளவுக்கு மெயின்டெய்ன் பண்ணியிருக்கிராங்க போன தடவை திரை விமர்சனத்தில் ஓவர் ஓலா படத்துக்கு இவ்ளோ மார்க் கொடுக்கிறேன் அப்படிங்கிற மாதிரி நீங்க மார்க்க சொல்லலியே அப்படி நிறைய போடப்பட்டு இருக்காங்க .அதனால இனிமேல் ஒவ்வொரு படத்துக்கும் மார்க்ஸ் சொல்ல வேண்டியது அவசியம் அப்படிங்கிரதினாலே படத்தில் ஆரம்பித்து விடுகிறேன் .இந்த படத்துல பத்துக்கு ஆறு மார்க்கு கொடுக்கலாம்
TAM_MSA_26,tam,POSITIVE,அப்புறம் போலீசார் வச்சு காமெடி பண்றேன்னு சொல்லிட்டுகொஞ்சம் ஃபேட்ஆகிற ஒருத்தர் ரெட்டி சொல்ர காங்கிலே வராரு சோ அவரா காமெடி வரும்னு சொல்லி பார்த்தால் அதுவும் காமெடி வரல அதெல்லாம்தான் படத்துக்கு ட்ராபாக்காக இருக்கு ஆனால் எண்டு ட்விஸ்ட் எவ்ளோ பேரு உண்மையிலே கொஞ்சம் லைக் பண்ணுவாங்க ட்விஸ்ட்ஏ சோ அதுவரைக்கும் இருக்கறது அப்படியே ஜனங்க கையில விட்டுடுறேன் சோ படத்துக்கு தமிழுக்கு உன்னை அழுத்தவும் அப்படின்னு சொல்லி சொன்னார் நெனச்சுக்கிட்டு படம் பார்க்க வந்தேன் கொஞ்சம் டிசப்பாயின்ட்மெண்ட் ராம் கிட்ட ஏனென்றால் நல்லா க்ரைம் கொஞ்சம் வித்தியாசமானது ஏதாவது வரணும் அப்படி என்று.அட்டம்ட் நல்லா .லாஜிக் இல்லாததினாலே எப்போதுமே லாஜிக் தப்பா வந்துட்டாலே எவ்ளோ பெரிய விஷயமாக இருந்தாலும் லாஜிக் சரி இல்லனா அப்படி செட் பண்ணாம போயிடும் சோ இதெல்லாம் கடைசியில் ஏண்டு ரொம்ப புத்திசாலித்தனமா நல்லா ஓன்று பண்ணியிருக்காங்க ஆனா நல்லா பண்ணது முன்னால் கொடுத்த சீக்வன்சிலே ஸ்கிரீன்பிளேயிலே நம்ப தகுந்த மாதிரி இல்லாததுனால ஒட்டாமல் போயிடுச்சு ஆக்சன் சைடு த்ரில் அதெல்லாமே நல்லா ஒர்க்கவுட் ஆயிடுச்சு சோ இதுக்கு என்னுடைய வாழ்த்துக்களும் பாராட்டுக்களும் தெரிவிச்சுக்கரேன் மீதி நான்தான் கதை சொல்லக் கூடாதுன்னு சொல்லி இருக்கிறதினாலே சொல்ல விரும்பல சொன்னோம் என்றால் உங்களுக்கு படம் பார்க்கிறவங்களுக்கு இன்டர்ஸ்ட் போயிடும் அதனால நீங்க படம் பார்த்துட்டு முடிவு பண்ணுங்க ராம் டீம் சேர்ந்து மறுபடியும் நல்ல பெட்டர் ஆன படம் சொன்னேன் இங்கிலீஷ் படம் ப்ளூ வின்டிஸ் படத்தினுடைய டை ஹார்ட் மாதிரி ஸ்பீட் மாதிரி அடுத்தது இவங்க நினைச்சா கண்டிப்பா கொடுக்க முடியும் அளவுக்கு ஸ்டஃப் ஆளுங்கதான் சோ எதிர்பார்த்து என்னுடைய வாழ்த்துக்கள் சொல்லுகிறேன் சோ படத்துக்கு மார்க் அப்படிங்கறது எண்ட் நினைக்கும்போது கொஞ்சம் கூடவே சொல்லலாம் அப்படின்னு தோணுது ஆனா எண்டு வரைக்கும் ஜனங்களை சோதிக்கிறது யோசிக்கும் பத்துக்கு பாதிதான் கொடுக்க முடியுது அதனால அஞ்சு அவ்ளோதான் நன்றி வணக்கம்
TAM_MSA_27,tam,NEGATIVE,திஸ் இஸ் நோட் ஏ கங்கிளுஷன் திஸ் இஸ் த கங்கிளுஷன் அப்படி என்கிற வரைமுறைகளுக்கெல்லாம் போகாமல் இப்படி விஷயம் எடுத்து இருக்கேன் ஐ ஆம் ஏம விசில் ப்ளோயர் அப்படிங்கற மாதிரி படத்தை எடுத்ததில் சந்தோஷம் ஆனால் படம் முடியும்போது கேள்விகள் வரது அப்படின்னா காசு பணம் எதுவும் இல்லாதவன் கிட்ட இப்படி பாரமான கேரக்டர் இருக்கு வேற என்னதான் பண்ணுவாங்க அப்படி செயலை நியாயப் படுத்தக் கூடிய கேரக்டர் எண்ணம் உங்க மனசுல படம் பார்த்து முடிக்கிறப்போ மாதிரி காசு பணம் இல்லேட்டா னாலும் உயிரெஅதுவும் இவ்வளவு நாள் நமக்காக வாழ்ந்த நமக்காகவே நமக்காகவே சூது துணி கசக்கி போட்டுட்டு பீ துணி கசக்கிப் போட்ட அப்பனயோ ஆத்தாளயோ எப்படி மனசாட்சியே இல்லாமல் கொல்ல முடியுது எது எப்படி இங்க மனசாட்சியே இல்லாமல் கொல்ல முடியுது அப்படிங்கிற தோட் புரோசெஸ் உங்களுக்கு ரெண்டு புரோசெஸ் இருக்கு இல்லையா ரெண்டு புரோசஸ்லே நீங்கள் அப்படி என்கிறது இந்தப்படம் கேட்கக்கூடிய கேள்வி சோ திஸ் ஆர் தாட் அப்படிங்கறத நீங்கள் முடிவு பண்ணனும் அதுதான் படத்துடைய சிரப்பாக கருதுகிறேன் ஓகே எனிவே வாட் இஸ் த கங்கிளுஷன் ஆஃ திஸ் மூவி அப்படின்னா சொல்லப்பட்ட விஷயம் தெரிஞ்ச விஷயம்தான் காது வழியாக கேட்ட செய்திகள் கதை தரமாக ஆக்கி கதையா மாத்திட்டாங்க பட் இளைஞர்களுக்கு படம் புடிக்குமா அப்படின்னா சார் உலக சினிமாக்களை நிறைய பார்த்து இருக்கேன் சார் அவங்க ஊரு பிரச்சினைகளை பேசுவாங்க நம்ம ஊர்ல எப்படி மாதிரி படமே வரல அப்படின்னு நினைக்கிறவங்களெ தாராளமா பார்க்கலாம் பட் படத்துக்கு அக்யுரேட் ரேட்டிங் அப்படின்னு கேட்டீங்கன்னா அஞ்சுலே மூணு கொடுக்கலாம் பட் மைன்ட் ஒஃப் மை பாயின்ட் ஆஃப் வியூ மை ரேட்டிங் அப்படின்னு விஷயம் இருக்கு இல்லையா அப்படின்னா படத்துக்கு அஞ்சுக்கு நாலு கொடுப்பேன் படம் அவசியம் பார்த்து தீர வேண்டிய திரைப்படம் அப்படி மாற்றுக்கருத்தே இல்லை .தெரிஞ்ச விஷயம்தான் சொன்ன விஷயம்தான் ஆனா அத செல்லுளோய்டு ல செயல் படுத்தி மக்கள்கிட்ட போய் சேர்த்த வகையில் படம் கவனிக்க வேண்டிய படம் அப்படிங்கறத மாற்றுக் கருத்து இல்லை தி சாய்ஸ் இஸ் யுவர்ஸ் வேறென்ன பாரம் உங்களை கண்டிப்பாக பாரமாக்கும் நிச்சயமாக இரண்டு விதமாக உங்களை யோசிக்க வைக்கும் நீங்கள் உங்களுடைய மனசாட்சி முடிவு செய்யும்
TAM_MSA_28,tam,NEGATIVE,காமெடி படத்திலே முழு காமெடி படத்திலே இடத்தில நல்லா சிரிச்சேன் என்னன்னா இனிமே காளியோட ஆட்டத்தை பாக்கப்போறேன் அப்படி என்ரதுக்கு நடுவில் டங்க் னனு சவுண்டு ரொம்ப நல்லா விழுந்து விழுந்து சிரித்தார் மத்தபடி மாதிரியான சிரிப்புகள் இடத்திலேயும் வந்திருக்கணும் சங்கிலி முருகன் வடிவேல் காம்பினேஷன்லே ஏண்டா கைய புடிச்சு வச்சேன்எந்த கையை புடிச்சி இருக்கேன் டயலாக் மூணு வாட்டி ஓகே ஆனால் ஏரியாக்கு எதுக்குடா வந்தே டயலாக் கேட்க கேட்க எரிச்சலாக இருக்கிறது .ஏண்டா படத்தை பார்க்கரோம்டா மாதிரி ஆகுது .சோ மாதிரியான மொக்கையான காமெடிகள் எரிச்சல் கொடுக்கிற காட்சிகள் படத்துல இருந்தாலும் கூட காமெடி பிலிம் எடுக்கிறதுக்கான தகுதி டைரக்டர் கிட்ட இருக்குது ஆனால் கொஞ்சம் முனைப்போடு ஸ்கிரிப்டை ரெடி பண்ணினார் என்ரால் படங்கள் சக்சஸ் ஆகக்கூடின வாய்ப்புகள் இருக்குரதாக நம்பரேன் மியூசிக் ஓகே .ரெண்டு பாட்டுலே கானா பாட்டு ரொம்ப நல்லா சினமாடோகிராஃபி பட்ஜெட் காரணமா என்னன்னு தெரியல நிறைய இடங்கள் சொதப்பலா எடிட்டிங் ஓகே அவ்வளவுதான் சொல்ல முடியும் சோ திரைப்படத்துக்கு ஜாக்கி சினிமாஸ் கொடுக்கக்கூடிய மதிப்பு ஐந்துக்கு... சொல்லவே வேணாம் பார்க்கிறதும் பார்க்காதது உங்க இஷ்டம் பட் ஓ.டி.டி தளத்திலே ரிலீஸ் ஆனதினாலெ உங்களுடைய பர்ஸ் பத்திரம் ஆயிடுச்சு அப்படின்னு நினைக்கிறேன் நல்ல ஸ்கிரிப்ட்சரியான ஆர்டிஸ்ட் நல்ல பட்ஜெட் இருநததுன்னா படம் வேற லெவல்லே ஜயிச்சிருக்கும் இதுதான் என்னுடைய அபிப்ராயம்
TAM_MSA_29,tam,POSITIVE,மைனஸ் பாயிண்ட் அப்படின்னு பார்த்தீங்கன்னா ஏரியா அம்மா வேலை செய்யக்கூடிய கார்மெண்ட் ஷாப்பில் ஓனர் அம்மா யாருன்னு தெரியல அப்படின்னு சொல்றது ஏற்றுக்கொள்ள முடியாத விஷயம் படம் ஒண்ணு காமெடி படமா எடுத்து இருக்கலாம் இல்ல பொலிட்டிக்கல் சட்டயராக எடுத்திரிக்கலாம் இல்ல முழுக்க முழுக்க க்ரைம் த்ரில்லரா எடுத்துக்கலாம் க்ரைம் த்ரில்லரா சோ எதுவுமே இல்லாமல் ஆத்துல கால் சேத்துல கால் என்றதினாலே எதிலுமே நம்மால் ஒன்ற முடியாமல் போயிடுச்சு ஏனா ஃபர்ஸ்ட் லொடருக்கும் மண்ணுக்கும் இருக்கிற விஷயத்தை டீடெய்லா சொன்னது மாதிரி .இந்த பசங்களோட பிரச்சனைகள் அவங்களுடைய ஃபோன் படங்களை பகிர்தல் விஷயங்கள் டீடெய்லா சொன்ன மாதிரி ஏதாவது கதையிலே ஒன்ரு டீடெய்லா போயிருந்தார்கள் என்ரு இருந்தால் நிச்சயமாக வெற்றிப்பட்டத்தை தொட்டு இருக்கலாம் அப்பாவி நாயகன் அவருக்கு எதுவுமே தெரியல அப்படி காதல் அதனும் மேலே சிக்கல் அதென்னாவென்னா எதுக்கு இவ்ளோ டீடெய்லா அதுக்கு முன்னாடி போனாங்க அப்படின்னு விஷயமோ தெரியல ரொம்ப சிம்பிள் ஆகவே போய் இருக்கலாம் அப்படிங்கிறது என்னுடைய அபிப்பிராயம் படத்துக்கு வெங்கடேஷ் ஒலி பேசியிருக்கிறார் சிறப்பு நேரத்தில் பிரவீன் கே உடைய எடிட்டிங் ஃபர்ஸ்ட் மவுண்டன் ஷாட்ஸ் கட் பண்ணி போடப் போகிற விஷயம் பசங்க நெட்டு படம் எடுக்கிறது போகிறது விஷயம் ரொம்ப நல்லா பண்ணி இருந்தாங்க மாதிரி படத்தில் இசை பிரேம்ஜி கானா பாட்டு ரொம்ப ரொம்ப நல்லா அவரோட கரியர்லே படம் அவ்வளவுதான் படத்தை சரவண ராஜன் இயக்கி இருக்கின்றார் ஆத்துல கால் சேத்துல கால் வெக்காமல் போயிருந்தால் அளவுக்கு சக்சஸ் பண்ணி இருப்பாரோ அப்படிங்கிற ஃபீலே கொடுக்குது .இப்போ எக்ஸாக்ட் ன்னு படம் கூட நெட்ஃப்ளிக்ஸில் இருக்குது செம ஆக்ஷன் படம் பட் இருந்தாலும் அதுவே நம்ம ரசிகர்களுக்கு போத மாட்டேன்கிறது சோ அப்பேர்ப்ப்ட்ட அப்படி ப்பட்ட பிளாட்ஃபார்மில் இருக்கிர நம்ம மாதிரி படங்கள் தியேட்டர்லே போயிருந்தால் கொண்டாடி இருப்பாங்களா அப்படிங்கிறது கேள்விக் குறியாக இருக்கிறது சோ இப்படியான படங்களையாவது மாதிரி ஓ.டி.டி.ப்ளாட்ஃபோம் நல்ல பிளாட்பார்ம் நினைக்கிறேன் படத்திற்கான மதிப்பெண் க்வாரன்டைன் டைம்லே டைம்பாசுக்கு நெட்ப்ளிக்ஸ் அவைலபிள் உங்களுக்கு இருந்திருந்தால் டைம் பாசுக்கு பார்க்கலாம் அவ்வளவுதான் சொல்லுவேன்
TAM_MSA_30,tam,POSITIVE,படத்தைப் பொறுத்த வரைக்கும் நயன்தாரா அப்படிங்கிற அவர்தான் படத்துக்கான ஆணிவேருங்க ஃபர்ஸ்ட் ல கடைசி வரைக்கும் அப்படியே கேரி பண்ணிட்டு போய் கிடந்தது செமயா ஸ்ட்ராங்கா அழுத்திக் போயிருக்கிறார்கள் மாதிரி விஷயம் என்றால் வுமன் ஜேர்ணலிஸ்ட் விவசாயம் விஷயங்கள் திருப்பி திருப்பி ஸ்டீரியோ டைப் பண்ணப் படுது தயவுசெஞ்சு அத ஸ்டீரியோ டைப் பண்றதே நிறுத்துங்க என்ரு சொல்றேன் நானு வேற மாதிரி புதுசா காமிங்க ஏன்னா நீங்க காமிக்கிறது க்கும் ரியாலிட்டிக்கும் பெரிசா சம்பந்தம் இல்ல அப்படிங்கிறதுதான் உண்மைங்க மொத்தத்துல படம் எப்படி இருக்கு அப்படின்னு கேட்டீங்கன்னா ஜாலியா போயி உட்கார்ந்துவிட்டு பெருசா மண்டைய யோசிக்காமல் இருந்திருந்தால் இடங்கள் பயப்பட வைக்கும் இடங்கள் கொஞ்சம் மண்டையை சொரியும் என்னடா ஓவர் செண்டிமெண்டலா இருக்கு இறுதியாக பிரச்சினைகளுக்கு இடையில் பார்த்தீங்கன்னா நயன்தாரா ராதா ரவி சார் பேசினதுக்கு ஸ்டாண்டப் பண்ணி விஷயத்தை பண்ணாங்க அதுக்கு கண்டிப்பாக மனப்பூர்வமான வாழ்த்துக்கள் வுமன் ஆர்டிஸ்ட் அப்படின்னாலே அவங்க தப்பானவங்க கிடையாது விஷயத்தை ரொம்ப ஸ்ட்ராங்கா அழுத்திப் பேசியதற்கு கண்டிப்பா நயன்தாரா அண்ட் டீம் மொத்த பேருக்குமே வாழ்த்துக்கள் படத்துக்கு என்னுடைய ரேட்டிங் கண்டிப்பா க்கு மார்க்கு தருவேன் அதுக்கு தகுதியான படம்தான் ஐரா
TAM_MSA_31,tam,POSITIVE,சினிமாடோக்ராபி நிச்சயமாக கன்வின்ஸ்சிங் ஆக சொல்லலாம் அதுவும் பாத்தீங்கன்னா ஸ்போர்ட்ஸ் போர்ஷன் எடுத்தது அப்படிங்கறது சூப்பரா பட் தாண்டி ஃபீல் பண்ணேன் அப்படி என்றால் இயக்குனர் புதுசு இயக்குனர் ஃபர்ஸ்ட் படம்னு நினைக்கிறேன் என்னென்னா பாண்டிச்சேரியை கதையை எடுத்து இருக்கிறாரு ஹாக்கி டீம் இதையெல்லாம் கதையா எடுத்திருக்கிறார் பாண்டிச்சேரியை எஸ்டாப்ளிஷ் பண்றதுக்கு நிறைய விஷயங்கள் எடுத்து இருக்கலாம் கொஞ்சம் மிஸ் பண்ணிட்டாங்களா அப்படின்னு தோணிடிச்சி சின்ன சின்ன விஷயங்கள் போயிட்டு ஷாட்ஸ் எக்ஸ்ட்ரா எடுத்து இடையில் இடைச்சலுகள் இருந்துச்சு அப்படின்னா கொஞ்சம் பிலீவபிளா இருந்திருக்கும் கொஞ்சம் மிஸ்ஸிங் அப்படிங்கறத உள்ளே தோன்றியிட்டு இருந்துச்சுங்க மாதிரி வசனங்கள் கருப்பு பழனியப்பன் பேசறப்ப சூப்பரா நிறைய பாத்தீங்கன்னா ரொம்ப அப்படி பாஸ்பண்ணனும் அதைத்தாண்டி வசனங்கள் பண்ணி இருக்காங்க பெருசா மனசுக்குள்ள ஒட்டல எருமச்சாணி விஜய் க்யூட்டான ரோல் அப்படின்னு சொல்லலாங்க படம் ஃபுல்லா வர அப்படி .சும்மா அப்படியே காமெடியா நம்ம எருமசாணி இதுல பண்ணுவாரு பண்ணியிருக்கிறார் யாருக்குமே அவர்ஷன் இல்லாமல் சூப்பரா பண்ணியிருக்கிறாரு அப்படி சொல்லலைங்க லாஜிக் ஓட்டைகள் நிறைய இருக்குதுங்க இப்போ விக்னேஷ் காந்த் பார்த்திங்கன்னா அவருக்கு உடம்பிலே விஷயம் ஆயிடும் சோ விஷயம் பார்த்தீங்கன்னா ஆயி அதுக்கப்புறம் வருவாரு பட் ஆனா எப்படி ரெடியானார் அப்படி என்கிறதில சின்ன சின்ன விஷயங்கள் காமிச்சு இருக்கலாம் அதெல்லாம் காமிக்காம விஷயங்கள் பண்ணும் நமக்கு கொஸ்டியன் சின்னதா எழுதுங்க மாதிரி லாஜிக் ஓட்டைகள் அங்க இங்க கமர்ஷியல் படத்துக்கு ஆனால் லாஜிக் ஓட்டைகள் இருக்கு படமே எப்படிடா இருக்கு போய் பாக்கலாமா வேணாமா அப்படின்னு கேட்டீங்கன்னா ஹாப்பியா ஃபேமிலியோட போயிட்டு ஜாலியா உட்கார்ந்து பார்க்கலாங்க .ஒரு துளி ஆபாசம் கிடையாது எதுவுமே கிடையாது கூளா உட்கார்ந்துட்டு படத்தை பார்த்துவிட்டு நல்ல ஜாலியான ஹாக்கி சென்ட்றிக் ஸ்போர்ட்ஸ் படத்தை பார்த்து வெளியில் பீலிங் ஓடத்தான் வருவீங்க அதுதான் படத்தினுடய குறைகள் தாண்டி மிகப்பெரிய பிளஸ் அப்படின்னு சொல்லலைாங்க சம்மருக்கு பர்ஃபக்ட் ஃபேமிலி என்டர்டய்னர் சுந்தர் சி ப்ரோட்யூஸ் பண்ணி சுந்தர் சி கூடயே சிஷ்யனா இருக்கிறங்காட்டிக்கு அவரோட ஃபோர்முலயே அப்படியே ஹிப் ஹாப் கிராஸ்ப் பண்ணி அப்படியே மக்களுக்கு தெளிக்கிறரோ அப்படின்னு தோணுது வேணுமோ மக்களுக்கு கரெக்டா வைத்து படைத்திட்டாய் அப்படின்னு சொல்லலாம் படத்துக்கு மார்க் அப்படிங்கிறது கண்டிப்பாக க்கு மார்க்குகள் தருவாங்க அதுக்கெல்லாம் தகுதியான படம்தான் கண்டிப்பாக டீசன்டான கலெக்ஷன் அப்படிங்கறதிலே சந்தேகமே கிடையாதுங்க
TAM_MSA_32,tam,HIGHLY POSITIVE,கம்யூனிட்டி வாட்சிங் க்கு ஏற்ற செமையான படம். ஓ.டி டி ரிலீஸ் ஆனது கம்மியாக சொல்லல பட் ஆனால் எத்தனை ஓ டி .டி கள் வந்தாலும் தியேட்டர்ல இருக்கிற கம்யூனிட்டி எக்ஸ்பீரியன்ஸ் எதுவுமே ஈடு செய்ய முடியாது அப்படி என்பதுதான் உண்மை இன்னைக்கு இருக்கிற ஓ டி .டி .தியேட்டர் பஞ்சாயத்தும் பார்த்தாலும் ரொம்ப குழந்தைத்தனமாகவும் இருக்கிறது அதாவது சினிமா தியேட்டர் ரண்டும் இரட்டை குழந்தைகள் சொல்லப் போனா ரெண்டு கண்ணு மாதிரி உடம்புக்கு ரெண்டு கண்ணு அப்படிங்கறது ரெண்டு கை மாதிரி ரெண்டும் சேர்ந்து தட்டினா சத்தம் சண்டை போடாமல் சேர்ந்து உட்கார்ந்து நல்லது பண்ணணுமோ ஸ்டெப் போக முடியுமா அதுக்கான விஷயங்களை பண்ணுங்க பொன்மகள் வந்தாள் அதாங்க அமேசான் பிரைம்ல இருக்கு .கீழ கூட உங்களுக்கு டிஸ்கிரிப்ஷன்ல போடறேன் கிளிக் பண்ணுங்க ரெண்டு மணி நேரம் தாங்க படம் ஷார்ப்பா உட்கார்ந்து ஜட்ஜ்மென்ட் மே இல்லாமல் பார்த்தீங்கன்னா வெளியில வரும்போது நீட்டான படத்தை நல்ல மெசேஜ் மனசுக்குள்ள ஏத்திட்டு ஃபீலிங் கண்டிப்பாக படம் விடும் அப்படிங்கறத சந்தேகமே கிடையாது விஷயங்கள் பெட்டர் பண்ணியிருக்கலாம் ஆனால் ரிமெம்பர் பண்ணுங்க ஜேஜே பிரடரிக் அப்படிங்கிறவரு டெபியூடட் வைத்திருக்கிற டயலாக்ஸ் சீரியஸான சப்ஜெக்ட்டை கரெக்டா கையாண்டிருக்கும் விதம் உண்மையாகவே அவருடைய மெச்சூரிட்டியை காட்டுது வாழ்த்துக்கள் பிரடரிக் நல்ல படங்கள் இதே மாதிரி சமூகத்துக்கு தேவையான படங்கள் எடுத்துக்கிட்டே இருங்க அப்படிங்கறது என்னுடைய தாழ்மையான வேண்டுகோள்
TAM_MSA_33,tam,POSITIVE,சவுண்ட் டிசைன் சவுண்ட் டிசைனோட உச்ச கட்டத்தை படம் அடஞ்சிருக்கிறது சவுண்ட டிசைனுக்கு நேஷனல் லேவெல் இன்டர்நேஷனல் லேவெல்லே ரெக்கக்னிஷன் படத்துக்கு கிடைக்கணும் அப்படிங்கறது என்னுடைய தாழ்மையான வேண்டுகோள் இன்னொரு பக்கம் சினிமாடோகிராபி சினிமாடோகிராஃபி ன்னா அப்படிங்கறத படத்துல நீங்க போய் பார்த்துக்கலாம் யூவனுடைய இசை இருப்பதே தெரியாது ஆனா இப்படி கட்டிக் காக்கிற ஊர் பெரியவர் இருக்கார் இல்லே மாதிரிதான் யுவனோட இசை அப்படின்னு சொல்லலாம் பின்னணி இசையும் சொல்லலாம் பின்னணி இசைதான் இருக்கிறதே தெரியாதுங்க ஆனால் வேர்ல்டு கிளாஸ்ஸா போய் பாருங்க என்ரு சினிமா ரசிகர்கள்க்கு இதைத் தாண்டி விருந்து இல்லை நிச்சயமா தடவை பார்த்தால் பத்தாது ரெண்டு மூணு தடவை பார்த்தீங்கன்னா நிறைய விஷயங்கள் புளப்படும் சொல்றாங்க அப்படிங்கறத உங்களுக்கு தெரியும் ஜெனரல் ஆடியன்ஸ் அப்படிங்கறதுக்கு அப்போ பஸ்ட் ஹாஃப் டக்கென முடிஞ்ச மாதிரியும் செகண்ட் ஹாஃப் இழுத்து மாதிரி முடிஞ்சு ஆ. ஓகேப்பா தடவை பார்க்கலாம் அப்படிங்கிற ஃப்ளிக்கா ஆனால் போய் உட்கார்ந்து பார்க்கிறப்போ உட்கார்ந்து ஓ ..சினிமா படம் னா இப்படி எடுக்கணுமா அப்படின்னு லேண் பண்ணிட்டு படம்தான் படத்துக்கு மார்க்கு தாண்டி படம் மார்க்குக்கு அடைக்கல தயவுசெய்து சினிமாவை ரசிக்கிற சினிமா எடுக்கணும்னு விரும்புற கூட்டம் அத்தனை பேரும் ஒருத்தர் கூட தவறாமல் படத்தைப் போய் பாருங்கள் வேற எக்ஸ்பீரியன்ஸ் தயவு செய்து எக்காரணத்தைக் கொண்டும் மிஸ் பண்ணிடாதிங்க
TAM_MSA_34,tam,HIGHLY NEGATIVE,அதுமட்டுமில்லாமல் படத்தில நம்மளுடைய ரோபோ சங்கர் அண்ணாவோட வைஃப் நடிச்சிருக்காங்க அவங்களோட கேரக்டர் படத்தில வேற லெவல் வெயிட்டேஜ் என்னுதான் சொல்லணும் .ஏனா நீங்க நிறைய நம்மள மாதிரியே வாடகை வீட்டில் இருந்துக்கலாம் வாடகை வீட்டுல இருக்கும்போது ஒருத்தர் நம்ம மேல பயங்கர கெயரிங்கா இருப்பாங்க அவங்க வீட்டோட ஹவுஸ் ஓனரா இருப்பாங்க அவங்க வீட்டுல ஏதாவது ஒன்னு சமைச்சா நம்மகிட்ட எடுத்து தருவாங்க மாதிரி ரொம்ப அன்பா பாசமா இருப்பாங்க கேரக்டரை சூப்பரா உள்வாங்கி நடிச்சிருக்காங்க அப்படீன்னு  சொல்லணும் ரொம்ப பிடிச்சிருந்தது அவங்க கேரக்டர பார்க்கும் நம்மளுமே மாதிரியான வாடகை வீட்டில் தானே வளர்ந்து இருப்போம் .அதனால அவங்க காட்டுற அன்பு பாசம் ரொம்ப சூப்பரா பயங்கரமாக இருந்துச்சு அப்படின்னு சொல்லணும் ஓவர் ஓலா படத்தை பார்த்துட்டு வெளியில வரும்போது மாதிரியான ஃபீல் தருது அப்படிங்கறதை பார்த்தீங்கன்னா எப்போதுமே ஜாதிய பத்திய படங்கள் மாதிரியான கருத்தூசி போடுமோ கருத்தூசியே எப்பவுமே கருத்தூசிய இன்ஜக்ஷனா அப்படி சொருவாம பயங்கரமான எமோஷனோட படத்தோட வெளியில அமிச்சு இருக்காரு நம்ம போஸ் வெங்கட் சார் அதுக்கு படத்துக்கு பெரிய ஹேட்ஸ் ஆஃப் சொல்லியே ஆகணும் படத்துக்கு நம்மளுடைய டி உடைய ஸ்கோர்ஸ் எவ்ளோ அப்படிங்கறத பாத்தீங்கன்னா அஞ்சுக்கு மூணு
TAM_MSA_35,tam,POSITIVE,இதில காமெடி கேரக்டர் பண்ணணும்னு அப்படி சொல்லிவிட்டு நம்மளுடைய யாருன்னு தெரியும்ல்லே ஏன்பா பிக்பாஸில் பண்றாங்க ல்லே கன்சொல்லேஷன் ரூமா அப்படிங்கிற வாருல்லெ அவரு இதுலயும் காமெடி பண்ணியிருக்கிறாரு கண்டுபிடிச்சுடுவீங்க யாருன்னு தலைவர் கடைசி ஃப்ரேம் வரைக்கும் காமெடி பண்ண மாட்டான் சீரியஸாகவும் எதுவும் பண்ண மாட்டான் சும்மாவே இருக்கார்போல அதும் கொஞ்சம் அவருடைய கேரக்டர் கொஞ்சம் வீக் ஆன மாதிரியே ஃபீல் பண்ணிடுச்சு இல்லாம படத்தில மியூசிக்கா இருக்கட்டும் சினிமாடோகிராஃபியா இருக்கட்டும் டெக்னிக்கல் டிபார்ட்மென்ட் கொஞ்சம் ஓகேவா இருந்தாலும் ரொம்ப பயங்கரமா சர்ப்ரைஸிங்கா எதுவும் மேஜிக் பண்ணல முக்கியமா சாங்ஸ் வரும்போது படத்தோட பிளஸ் பாயிண்டு ஆயிடுச்சுன்னு பார்த்தீங்கன்னா சாங் மாதிரியே தெரியல சீக்வன்ஸோட அப்படியே ப்ளே பண்ணி போனதினாலெ பெரிய மைனஸ் பாயிண்டா தெரியல சரி ஓகே அப்படிங்கற மாதிரி தெரிஞ்சது ஓவரோளா படம் பார்த்துவிட்டு மாதிரியான ஃபீல் வந்துருச்சுன்னா இப்படி படம் பார்க்கும் சின்ன கணக்டாவது இருக்கணும் இல்ல ஜாலியான சில் அவுட் ஆன படம் பார்த்த மாதிரி ரெண்டு எக்ஸ்பீரியன்ஸ் எப்போதுமே படத்திலெ தரும் .அதைத் தாண்டி படம் தருதுன்னா பயங்கரமான பிரமிப்பு தரும் மாதிரியான விஷயங்கள் நமக்கு தெரியாது அப்படிங்கிற ஆச்சரியத்தை ஏற்படுத்தும் மூன்று விஷயங்களுமே படம் ஏற்படுத்தல அப்படிங்கறது படத்தோட பெரிய மைனஸ் பாயிண்டா பார்த்தேன் படத்துக்கு நம்மளுடைய டி எவ்வளவு ஸ்டார்ஸ் தராங்க பார்த்தீங்கன்னா அஞ்சுக்கு
TAM_MSA_36,tam,NEGATIVE,நாளேமுதல் ஷோவே ஹவுஸ்ஃபுல் ஆகுது அடுத்தடுத்த ஷோவுக்கு டிக்கெட் கிடைக்கல அப்படின்னு வர சொல்றாங்க பொங்கலுக்கெல்லாம் நாலு படம் ரிலீஸ் ஆச்சு .பொங்கல் அன்னைக்கே ரஜினி முருகனை மத்த மூணு படவும் காத்து வாங்கிடுச்சுன்னு சொல்லணும் இதிலேயும் படங்களில் பெரிய ஆர்டிஸ்ட் பெரிய டெக்னிசியன் பெரிய கம்பெனி படங்கள்தான் வந்துடுச்சு ஆனா படங்கள் விளங்காதுன்னு ஆடியன்ஸ் எப்படி கண்டுபிடிச்சாங்கன்னே தெரியல படம் நல்லா இருக்கும்னு எப்படி கண்டுபிடிச்சாங்கன்னும்தெரியல மொத்தத்தில படம் எப்படி இருக்குன்னா அப்படின்கிற விஷயத்தை விமர்சன ஆரம்பத்திலேயே சொல்லிட்டோம் படத்தோட இயக்குனர் பெண் இயக்குனர் அப்படின்னு சொன்னாங்க ஐயையோ பெண் இயக்குனர்ன்னா பெண்களுக்கு எதிரான கொடுமைகள படமாக எடுக்கிறேன் னு சொல்லிவிட்டு நம்மள கொடுமைப்படுத்தி விடுவார்களோ அப்படின்னு பயந்துட்டே படத்தை போய் பார்த்தோம் ஆனா படத்துல இந்தியா சினிமாவில இருக்கிற முக்கிய இயக்குனர்களில இவங்களும் ஒருத்தங்க அப்படி என்கிற இடத்தை புடிச்சுட்டாங்க இந்தப்படத்துல இவங்களோட நடிகர்கள்களுடய தேர்வு ரொம்ப பிரமாதமா படம் ஆரம்பிச்சு அஞ்சு நிமிஷத்திலேயே பொண்ணு யார்ரா அப்படின்னு கேக்குற அளவுக்கு ஹீரோயின் இருந்தாங்க அதேபோல அவங்க அப்பா அம்மா கேரக்டர் மத்த எல்லா கேரக்டருமே ரொம்ப அருமையா நடிச்சிருந்தாங்க சந்தோஷ் நாராயணனோட இசை ரொம்ப நல்லா கேமரா வர்க்கும் ரொம்ப நல்லா ஒட்டு மொத்த டீமுமேபோட்டி போட்டு வேலை பார்த்து வெற்றிப் படத்தைக் கொடுத்திருக்காங்க
TAM_MSA_38,tam,POSITIVE,இவருக்கும் இன் ஃபக்ட் ஆயிருப்பாரோ அப்படின்னு சொல்லிவிட்டு ஆனால் செக்கண்ட் கழித்து அவருக்கு ஒண்ணுமே ஆகியிருக்காது திரும்பி ஓடி வருவார் மாதிரி சீன் எடுக்குறதுக்கு பணம் செலவு பண்ண தேவையில்லை கொஞ்சம் மூளையை கசக்கினால் போதும் இப்படியான சீன் படம் பூரா தேடினால் கூட சீன் கூட இருக்காது சாம்பி படம் என்ராலே கடிக்கிறவன் கடித்துக்கிட்டே இருப்பான் சுடறவன் சுட்டுக்கிட்டே இருப்பான் அப்படீங்கிற விஷயத்தை தப்பா புரிஞ்சுகிட்டு படத்தை எடுத்துட்டு இருக்காங்க இங்கிலீஷ் படங்களையாவது கடிக்கிறவன் கடிச்சுக்கிட்டே இருப்பான் அவங்க கிட்டே தப்பிச்சு ஓடறவங்க ஓடுவாங்க அவங்கள காப்பாற்ற வேண்டிய மிலிட்டரி போலீஸ் ஹீரோ எல்லாரும் சேர்ந்துதான் காப்பாத்துவாங்க ஆனால் படத்திலே கடிக்கிறவன் கடித்துக் கிட்டே இருப்பான் ஜெயம் ரவி ஆள் லட்சக்கணக்கான பேரே சுட்டுக்கிட்டே இருக்காரு என்னதான் தமிழ் படத்தின் ஹீரோ என்றாலும் ஆளு எத்தனை லட்சம் பேரத்தான் சூடுவாரு பாட்டுக்கு சுடடுக்கிட்டே இருக்கிறாரு கடிக்கிறவன் கடிச்சுகிட்டே இருப்பான் படம் முழுக்க இதே இருந்தால் எவ்வளவு நேரம் கடியை தாங்குகிறது மத்தபடி சாம்பி படத்துக்கு உண்டான திகிலோ திருப்பங்களோ பரபரப்போ எதுவுமே பெருசா இல்லைனாலும் தமிழ் சினிமாவுக்கு சாம்பி படம் என்றதனாலே ஒருமுறை பார்த்து வையுங்களேன்
TAM_MSA_39,tam,POSITIVE,படத்துடைய பலம் அப்படின்னு பார்த்தால் சிவகார்த்திகேயன் காமெடி ரொமான்ஸ் ஃபைட் எல்லாத்தையுமே பின்னி எடுத்து இருக்காப்ல கூட வர சூரி கூட சேர்ந்து பண்ற காமெடிகள் ரொம்ப அரைகுறையாய் அதேபோல படத்துல அவங்க டீக்கடை நடத்துவாங்க டீ கடையில வாழைப்பழம் விக்கும் கேரக்டர் கேரக்டர் படம் பூரா த்ரூ அவுட்டா வருது வர்ற சீன் கலகலப்பாய் அதேபோல ராஜ்கிரண் வர சீன எல்லாமே ரொம்ப நல்லா சமுத்திரகனி படம் பூரா பின்னிய படம் எடுத்துட்டு போயிருக்காரு படத்துக்கு இருக்கிற இன்னொருமிக பெரிய பலம் அ என்னென்னா படத்தில் சீனுமே தொய்வு அழிஞசிடக் கூடாது அப்படின்னு கவனமாக கையாண்ட திரைக்கதை படத்தில பலவீனம் அப்படின்னு சொன்னா விஷயம்தான் வலுவில்லாத கதை படம் இன்னைக்கு ரிலீஸ் நாளைக்கு ரிலீஸ் ன்னு அஞ்சாறு வாட்டி டேட் போட்டு படம் தள்ளிப் போயிடுச்சு மாதிரி டேட் போடடு தள்ளி போட்ட படம் படமும் வரைக்கும் உருப்பட்டதில்லை ஆனால் இந்தப்படம் இலக்கணத்தை தகர்த்தெறிஞ்சு விடும் என்பதுதான் உண்மை படம் இப்போ வெளியே வருவதற்கு முக்கியமான காரணம் லிங்குசாமி கோடி ரூபாய் வரைக்கும் கடன் வாங்கி வைத்திட்டாரு கடம் பிரச்சினையினாலே படம் ரிலீஸ் ஆகல இப்ப ரிலீஸ் ஆகரதுக்கு முக்கியமான காரணம் பாம்பை நிர்வாகமான பெண் அப்படின்னு நிறுவனம் லிங்குசாமிக்கு முப்பது கோடி ரூபா வரைக்கும் கடன் கொடுத்து உதவி செஞ்சிருக்காங்க அவர்கூட சேர்ந்து தொடர்ந்து படம் பண்ண போறாங்களா அதனால உதவி செஞ்சிருக்காங்க படம் ரிலீஸ் ஆயிருக்கு மொத்தத்துல படம் எப்படி இருக்கு அப்படின்னு கேட்டீங்கன்னா இன்னைக்கு நாலு படம் ரிலீஸ் ஆயிருக்கு நாலு படத்திலேயும் படத்தை குடும்பத்தோட எல்லாருமா ரசித்து பாத்தாங்க படத்தை அவங்க ஏற்கனவே விளம்பரத்தில் சொல்லியிருந்த மாதிரி நம்பி வாங்க சந்தோஷமா போங்க அப்படின்னு சொல்லி இருந்தாங்க மாதிரி படத்தை நம்பி குடும்பத்தோட போங்க சந்தோஷமாக வெளியே வருவீங்க
TAM_MSA_40,tam,HIGHLY POSITIVE,ஏன்ட் படத்தோட கதாநாயகன் பார்த்தீங்கன்னா மை டியர் பூதம் தொடர் சீரியல் சீரியல்ல நடிச்சவரு அதுக்கு அப்புறம் நீண்ட கேப்புக்கு அப்புறம இதுல கதாநாயகனா நடிச்சிருக்காரு அபிலேஷ் அவர்கள்தான் ஏன்ட்ரொம்ப அழகான கதாபாத்திரம் அவங்களுக்கு பெயர் அப் பண்ணி பார்த்திங்கன்னா லீமா அப்படிங்கிற ஒருத்தர் நடிச்சிருக்காங்க ஏன்ட் அவங்க பார்த்தீங்கன்னா வந்தோம் போனோம் அப்படிங்கிறது கதையில இல்லாமல் ஹீரோக்கு நல்ல ஊக்கம் கொடுக்கிற வகையில் பார்த்தீங்கன்னா நல்ல மோட்டிவேஷன் பண்றாங்க சப்போர்ட் பண்ற வகையில் நடிச்சிருக்காங்க சோ மெச்சூர்ட் லவ் படத்துல நல்லா தெரிகிறது.இந்தப் படத்தில் இசை அமைப்பாளர் ரோஷன் பாடல்களுக்கு உயிர் கொடுத்து இருக்கு அப்படின்னு சொல்லலாம் ஏனா படத்துல ஒன்றி வரக்கூடிய பாடல்கள்தான் அமைஞ்சிருக்கு.ஜெயிக்க போற கூட்டம் தடைகளை உடை பாடல்கள் எல்லாமே நல்லா ஒன்றி போயிருக்கு தன்னம்பிக்கை நிறைந்த பாடல் அப்படீன்னே சொல்லலாம் ரோஷன்அவர்கள் கதைக்கு ஏற்றவாறு அப்படி ஒன்றிப் போய் இருக்கு உயிரோட்டமும் கொடுத்து இருக்கிறாரு சொல்லலாம் ரோஷன் அவர்களெ படத்தில் பார்த்தீங்கன்னா டைரக்டரா இருக்கட்டும் தயாரிப்பாளர் ரெண்டு பேருமே ஊர சார்ந்தவங்க டைரக்டர் ஆக ணும் என்ரதுதான் அவருக்கு கனவா இருக்கப் போயிட்டு ஓரு மோட்டிவேஷனாலே நல்ல தரமான படம் தன்னம்பிக்கையான படம் எடுத்து முடித்திருக்கிறார் தமிழ் சினிமா இண்டஸ்ட்ரியில் தொடர்ந்து மாதிரி படங்கள் வந்துட்டு இருந்தால் வேற பாதையில் கூட தமிழ் சினிமா டிராவல் அப்படின்னு சொல்லலாம் இளைஞர்களுக்கு கபடியே பத்தி தெரியணும் அப்படிங்கறதக்காகவே நல்ல முயற்சியில் இறங்கி இருக்காங்க .சோ அவங்க டீமுக்கு மிகப்பெரிய வாழ்த்துக்கள் சொல்லிடலாம் நீங்களும் மறக்காமல் படத்தை தியேட்டர்க்கு போயி பாருங்க
TAM_MSA_41,tam,POSITIVE,படத்துக்கு கூடுதலான மிகப்பெரிய பிளஸ் மியூசிக் ரஞ்சன் துரைராஜா ப்ளே பண்ணி இருக்காரு கதைக்கு ரொம்ப ஏற்றவாறு மியூசிக் டிராக் எல்லாமே அமைந்திருக்கும் சொல்லலாம் ரஞ்சன் துரைராஜா ரொம்ப நீட்டா ஆண்டு கிளியர் ஆன இசை நமக்கு கொடுத்து இருக்காரு .பன்னீர்செல்வம் சினிமாடோகிராஃபி கொடுத்திருக்கிறார் ஏன்ட் படத்தில் நிறைய ஸ்டண்ட் சீக்வன்ஸ் இருக்கு பிரசாந்த் சார எப்படி நல்லபடியாக யூஸ் பண்ணனுமா ஏனா அவருடைய ஃபைடிங் சீக்வன்ஸ் ஆல்ரெடி நாம பார்த்து இருக்கோம் தொடர்ந்து படத்துக்கும் ரொம்ப தரமான ஃபைட்டிங் கொடுத்து இருக்காரு எடிட்டிங் கொடுத்து இருக்காரு சிவ சரவணன் ஆண்டு எடிட்டிங் அப்படீங்கரப்பதான் படமே டைரக்டர் அப்படின்னா எடிட்டரதான் இடத்தில சொல்லுவோம் ரொம்ப அழகா கச்சிதமா எங்கெல்லாம் கட் பண்ணனுமோ அதெல்லாம் கட் பண்ணி நமக்கு கிளியரா கொடுத்திருக்காங்க அண்ட் பிரசாந்த் சார் மாதிரியான படங்கள் அடுத்தடுத்த கேரக்டரா நடிச்சிட்டு வந்தாரு என்றால் திரும்பி பேக் டு த ஃபோம் அப்படி மாதிரியே கதைக்களம்பிலே இறங்கி விடுவாரு சொல்லலாம் சஞ்சிதா ஷெட்டி அவங்களுடைய துள்ளலான நடிப்பும் சரி ஆண்ட் பிரபு சாரோட அழகான நடிப்பு திறமையும் சரி பிரசாந்த் சாரை சொல்லவே வேண்டாம் அவருக்கு எல்லா திறமைகளுமே இருக்கு இதெல்லாம் சேர்ந்து கூடுதலான பலம் படத்துக்கு கிடைத்திருக்கு என்னே சொல்லலாம் பணம் படத்தில் மிகப்பெரிய பொருளா அமைஞ்சிருக்கு .சோ அப்படி இருக்கும்போது இளைஞர்களுக்கு எல்லாருக்குமே ரொம்ப ரசிச்சு பார்ப்பாங்க பிடிக்கும் அப்படின்னு கூட சொல்லலாம் சோ எவ்வளவு நேரம் படத்தினை பத்தின சின்ன அவுட்லைன் நம்ம பார்த்தோம்.d படத்துக்கு தரக்கூடிய மதிப்பெண் பாத்தீங்கன்னா அஞ்சுக்கு மூணு புள்ளி அஞ்சு
